三重県,高野尾出張所,津市,高野尾町５４１７番地１
三重県,大里出張所,津市,大里睦合町１２９２番地１
三重県,三重短期大学,津市,一身田中野１５７番地
三重県,一身田公民館（一身田出張所）,津市,一身田町２９３番地３
三重県,白塚公民館（白塚出張所）,津市,白塚町５２０５番地
三重県,アストプラザ,津市,羽所町７００番地
三重県,観音寺保育園,津市,観音寺町６０４番７４
三重県,安東出張所,津市,納所町２４９番地６
三重県,櫛形市民館,津市,分部２６２番地１
三重県,櫛形出張所,津市,分部１１９２番地１
三重県,片田出張所,津市,片田井戸町１６番地１
三重県,神戸出張所,津市,神戸７３９番地１
三重県,中央市民館,津市,愛宕町２３３番地
三重県,さくら児童館,津市,中河原２０７５番地
三重県,高洲町教育集会所,津市,高洲町１５番３０号
三重県,敬和公民館,津市,寿町２１番地２２号
三重県,津市阿漕塚記念館,津市,柳山津興６３２番地
三重県,藤水出張所,津市,藤方１４９１番地２
三重県,南郊公民館（高茶屋出張所）,津市,高茶屋三丁目２５番地６号
三重県,雲出出張所,津市,雲出本郷町１３８８番地１
三重県,雲出市民館,津市,雲出島貫町４８８番地７
三重県,豊が丘小学校,津市,高野尾町３２１４番地１
三重県,高野尾小学校,津市,高野尾町５２６６番地１
三重県,大里小学校,津市,大里窪田町１８２１番地
三重県,一身田小学校,津市,一身田大古曽３５５番地
三重県,一身田中学校,津市,一身田中野８８０番地１
三重県,白塚小学校,津市,白塚町４４６３番地
三重県,栗真小学校,津市,栗真中山町４５２番地
三重県,北立誠小学校,津市,江戸橋一丁目３０番地
三重県,橋北中学校,津市,桜橋二丁目３８番地１
三重県,西が丘小学校,津市,長岡町８００番地４３７
三重県,安東小学校,津市,納所町２４５番地
三重県,櫛形小学校,津市,分部１２１１番地１
三重県,片田小学校,津市,片田井戸町２２番地
三重県,神戸小学校,津市,神戸３３２番地１
三重県,新町小学校,津市,八町三丁目３番１号
三重県,西橋内中学校,津市,東古河町７番１号
三重県,養正小学校,津市,丸之内養正町１４番１号
三重県,東橋内中学校,津市,中河原３５６番地２
三重県,敬和小学校,津市,中河原４４５番地
三重県,修成小学校,津市,修成町９番１号
三重県,育生小学校,津市,下弁財町津興１３５０番地
三重県,橋南中学校,津市,下弁財町津興２５３７番地４
三重県,藤水小学校,津市,藤方１６２７番地
三重県,南が丘小学校,津市,垂水２５３８番地１
三重県,高茶屋小学校,津市,高茶屋三丁目１番１号
三重県,南郊中学校,津市,高茶屋四丁目４４番１号
三重県,雲出小学校,津市,雲出本郷町１１６４番地
三重県,久居体育館,津市,久居野村町８７７番地１
三重県,立成小学校,津市,久居野村町５６０番地
三重県,成美小学校,津市,久居新町７３７番地
三重県,久居東中学校,津市,久居井戸山町７２１番地１
三重県,桃園小学校,津市,久居新家町１３５０番地
三重県,久居公民館,津市,久居元町２３５４番地
三重県,久居総合福祉会館,津市,久居東鷹跡町２０番地２
三重県,誠之小学校,津市,久居西鷹跡町４２４番地
三重県,久居中学校,津市,久居西鷹跡町４９４番地
三重県,戸木小学校,津市,戸木町８８０番地
三重県,栗葉小学校,津市,森町２７０番地
三重県,久居西中学校,津市,久居一色町９４０番地
三重県,榊原小学校,津市,榊原町５８４８番地
三重県,河芸公民館,津市,河芸町浜田７４２番地
三重県,朝陽中学校,津市,河芸町上野２０１０番地
三重県,上野小学校,津市,河芸町上野２９６３番地
三重県,豊津小学校,津市,河芸町一色１６８０番地
三重県,黒田小学校,津市,河芸町北黒田１０９番地１
三重県,千里ヶ丘小学校,津市,河芸町千里ヶ丘１３番地
三重県,河芸体育館,津市,河芸町浜田７７４番地
三重県,芸濃小学校,津市,芸濃町椋本５０４７番地
三重県,明小学校,津市,芸濃町林３２５番地
三重県,旧安西小学校,津市,芸濃町北神山３１０番地
三重県,旧雲林院小学校,津市,芸濃町雲林院５６６番地
三重県,芸濃総合文化センター,津市,芸濃町椋本６８２４番地
三重県,錫杖湖水荘,津市,芸濃町河内６７９番地
三重県,旧長野小学校,津市,美里町北長野１４３５番地
三重県,旧高宮小学校,津市,美里町足坂５８５番地
三重県,旧辰水小学校,津市,美里町家所２０４５番地
三重県,美里社会福祉センター,津市,美里町三郷４６番地３
三重県,草生小学校,津市,安濃町草生４２０９番地
三重県,草生公民館,津市,安濃町草生４２４９番地１
三重県,村主小学校,津市,安濃町連部６８番地
三重県,村主公民館,津市,安濃町連部６９番地１
三重県,安濃小学校,津市,安濃町内多４５１番地
三重県,安濃公民館,津市,安濃町内多３６５３番地
三重県,明合小学校,津市,安濃町粟加９７８番地
三重県,明合公民館,津市,安濃町粟加９７８番地
三重県,東観中学校,津市,安濃町東観音寺４９４番地１
三重県,安濃中央総合公園内体育館,津市,安濃町田端上野８１８番地
三重県,サンヒルズ安濃,津市,安濃町東観音寺４１８番地
三重県,安濃交流会館,津市,安濃町東観音寺５１番地３
三重県,香良洲小学校,津市,香良洲町２１９０番地１
三重県,香海中学校,津市,香良洲町１２８番地
三重県,香良洲公民館,津市,香良洲町１８７６番地１
三重県,香良洲歴史資料館（若桜会館）,津市,香良洲町６３２０番地
三重県,まつぼっくり作業所,津市,香良洲町５７２２番地
三重県,香良洲体育館,津市,香良洲町３９５２番地９０
三重県,サンデルタ香良洲,津市,香良洲町２１６７番地
三重県,（旧）大井小学校,津市,一志町大仰３２６番地
三重県,とことめの里一志,津市,一志町井関１７９２番地
三重県,大井公民館,津市,一志町大仰２１７番地１
三重県,（旧）波瀬小学校,津市,一志町波瀬２２３６番地
三重県,波瀬ふれあい会館,津市,一志町波瀬２２３２番地２
三重県,一志東小学校,津市,一志町八太７８５番地１
三重県,コミュニティプラザ川合,津市,一志町八太１００８番地１
三重県,一志中学校,津市,一志町高野２６０９番地
三重県,一志西小学校,津市,一志町田尻３５３番地１
三重県,一志高岡公民館,津市,一志町田尻６０５番地２
三重県,一志体育館,津市,津市一志町高野１６０番地７２８
三重県,家城小学校,津市,白山町南家城６４７番地
三重県,元取公民館,津市,白山町城立３０５番地
三重県,白山中学校,津市,白山町川口４７１番地６
三重県,白山公民館,津市,白山町川口８９７番地
三重県,川口小学校,津市,白山町川口１９９１番地
三重県,大三小学校,津市,白山町二本木２９６番地
三重県,倭　小学校,津市,白山町上ノ村１８３番地
三重県,八ツ山小学校,津市,白山町八対野２４８０番地
三重県,竹原地域住民センター,津市,美杉町竹原２７７７番地
三重県,竹原コミュニティ防災センター,津市,美杉町竹原２４１番地１
三重県,竹原多目的集会所,津市,美杉町竹原２８２１番地
三重県,美杉竹原体育館,津市,美杉町竹原２７９６番地
三重県,美杉中学校,津市,美杉町八知５８００番地
三重県,太郎生多目的集会所,津市,美杉町太郎生２１２０番地
三重県,（旧）太郎生小学校,津市,美杉町太郎生２１２８番地１
三重県,伊勢地地域住民センター,津市,美杉町石名原１６８１番地
三重県,伊勢地多目的集会所,津市,美杉町石名原１５８３番地
三重県,美杉伊勢地体育館,津市,美杉町石名原１５８１番地２
三重県,八幡地域住民センター,津市,美杉町奥津１２８８番地８
三重県,八幡生活改善センター,津市,美杉町奥津１２９４番地
三重県,美杉高齢者生活福祉センター,津市,美杉町奥津９２９番地
三重県,美杉小学校,津市,美杉町奥津１０２５番地
三重県,多気地域住民センター,津市,美杉町上多気１０３１番地
三重県,美杉多気体育館,津市,美杉町上多気１０４２番地５
三重県,下之川地域住民センター,津市,美杉町下之川６１１５番地
三重県,下之川生活改善センター,津市,美杉町下之川１８７５番地
三重県,美杉下之川体育館,津市,美杉町下之川６０９８番地２
三重県,三重県立津高等技術学校,津市,高茶屋小森町１１７６番地２
三重県,三重県立国児学園,津市,栗真町屋町５２４
三重県,三重県立聾学校,津市,藤方２３０４番地２
三重県,三重県立久居農林高等学校体育館,津市,久居東鷹跡町１０５番地
三重県,三重県立久居高等学校,津市,戸木町３５６９番地１
三重県,贄崎地区防災コミュニティセンター,津市,港町１番地２３
三重県,高茶屋市民センター,津市,高茶屋四丁目３７番５９号
三重県,雲出市民センター,津市,雲出本郷町１３８９番地
三重県,白山体育館,津市,白山町古市８０８番地
三重県,美杉総合文化センター,津市,美杉町八知５５８０番地２
三重県,美杉高齢者婦人センター「しゃくなげ会館」,津市,美杉町川上３３７２番地
三重県,丹生俣多目的集会所,津市,美杉町丹生俣１３６０番地２
三重県,豊里中学校,津市,大里睦合町８２０番地１
三重県,南立誠小学校,津市,桜橋二丁目３９番地
三重県,西郊中学校,津市,一色町２１９番地
三重県,南が丘中学校,津市,垂水２６２２番地１
三重県,芸濃中学校,津市,芸濃町椋本５１４７番地
三重県,大三公民館,津市,白山町二本木１００１番地２５３
三重県,倭公民館,津市,白山町中ノ村５８１番地
三重県,八ツ山公民館,津市,白山町八対野９９４番地１
三重県,みさとの丘学園,津市,美里町三郷８４番地
三重県,高田短期大学,津市,一身田豊野１９５番地
三重県,高田中・高等学校,津市,一身田町２８４３番地
三重県,津市青少年野外活動センター体育館,津市,神戸１６８０番地１
三重県,三重県総合文化センター,津市,一身田上津部田１２３４番地
三重県,三重県立津工業高等学校,津市,半田５３４番地
三重県,三重県立みえ夢学園高等学校,津市,柳山津興１２３９番地
三重県,三重大学教育学部附属小学校,津市,観音寺町３５９番地
三重県,中勢用水中央管理事務所,津市,納所町５２４
三重県,学校法人セントヨゼフ女子学園（第一体育館・第二体育館）,津市,半田１３３０
三重県,南が丘会館,津市,垂水２８８２－１
三重県,家城公民館,津市,白山町南家城８５１－３
三重県,津市防災物流施設,津市,雲出伊倉津町７９２－１
三重県,北口文化会館デイサービスセンター,津市,久居烏木町４６４－４
三重県,町屋会館,津市,栗真町屋町字西垣戸７１４－１
三重県,殿木集会所,津市,雲出島貫町４８８番地１
三重県,津新町地下道（国道163号）,津市,新町
三重県,北口地下道（国道165号）,津市,久居北口町
三重県,新町西地下道（国道165号）,津市,久居新町
三重県,新町東地下道（国道165号）,津市,久居新町
三重県,野村地下道（国道165号）,津市,野村町
三重県,学校前地下道（県道津久居線）,津市,観音寺町
三重県,納所地下道（県道津芸濃大山田線）,津市,納所町
三重県,三重県立四日市高等学校,四日市市,富田四丁目１-４３
三重県,三重県立北星高等学校,四日市市,大字茂福６６８番地１
三重県,三重県立四日市工業高等学校,四日市市,日永東三丁目４-６３
三重県,三重県立四日市南高等学校,四日市市,大字日永４９１７
三重県,三重県立四日市四郷高等学校,四日市市,八王子町１６５４
三重県,三重県立四日市中央工業高等学校,四日市市,菅原町６７８
三重県,三重県立四日市商業高等学校,四日市市,尾平町字永代寺２７４５
三重県,三重県立四日市西高等学校,四日市市,桜町６１００
三重県,三重県立北勢きらら学園,四日市市,下海老町字高松１６１
三重県,富洲原地区市民センター庁舎,四日市市,富州原町３１番地４６
三重県,富洲原地区市民センター敷地,四日市市,富州原町３１番地４６
三重県,富田地区市民センター庁舎,四日市市,富田一丁目２４-４７
三重県,富田地区市民センター敷地,四日市市,富田一丁目２４-４７
三重県,八郷地区市民センター庁舎,四日市市,千代田町２６７番地１
三重県,八郷地区市民センター敷地,四日市市,千代田町２６７番地１
三重県,下野地区市民センター庁舎,四日市市,朝明町９１４番地３
三重県,下野地区市民センター敷地,四日市市,朝明町９１４番地３
三重県,大矢地地区市民センター庁舎,四日市市,下さざらい町１番地３
三重県,大矢知地区市民センター敷地,四日市市,下さざらい町１番地３
三重県,保々地区市民センター庁舎,四日市市,市場町３０３９番地５
三重県,保々地区市民センター敷地,四日市市,市場町３０３９番地５
三重県,羽津地区市民センター庁舎,四日市市,大宮町１３－１２
三重県,羽津地区市民センター敷地,四日市市,大宮町１３－１２
三重県,海蔵地区市民センター庁舎,四日市市,大字東阿倉川６２２番地１
三重県,海蔵地区市民センター敷地,四日市市,大字東阿倉川６２２番地１
三重県,橋北地区市民センター庁舎,四日市市,新浜町１４－１１
三重県,橋北地区市民センター敷地,四日市市,新浜町１４－１１
三重県,川島地区市民センター庁舎,四日市市,川島新町１
三重県,川島地区市民センター敷地,四日市市,川島新町１
三重県,神前地区市民センター庁舎,四日市市,高角町２９７７
三重県,神前地区市民センター敷地,四日市市,高角町２９７７
三重県,桜地区市民センター庁舎,四日市市,桜町１３９９
三重県,桜地区市民センター敷地,四日市市,桜町１３９９
三重県,三重地区市民センター庁舎,四日市市,東坂部町７１番地２
三重県,三重地区市民センター敷地,四日市市,東坂部町７１番地２
三重県,県地区市民センター庁舎,四日市市,赤水町９５７
三重県,県地区市民センター敷地,四日市市,赤水町９５７
三重県,常磐地区市民センター庁舎,四日市市,城西町８-１１
三重県,常磐地区市民センター敷地,四日市市,城西町８-１１
三重県,四郷地区市民センター庁舎,四日市市,室山町６４５番地１
三重県,四郷地区市民センター敷地,四日市市,室山町６４５番地１
三重県,小山田地区市民センター庁舎,四日市市,山田町１３７３番地３
三重県,小山田地区市民センター敷地,四日市市,山田町１３７３番地３
三重県,水沢地区市民センター庁舎,四日市市,水沢町２１０９番地２
三重県,水沢地区市民センター敷地,四日市市,水沢町２１０９番地２
三重県,日永地区市民センター庁舎,四日市市,日永西三丁目２-１８
三重県,日永地区市民センター敷地,四日市市,日永西三丁目２-１８
三重県,内部地区市民センター庁舎,四日市市,釆女町８５７番地１
三重県,内部地区市民センター敷地,四日市市,釆女町８５７番地１
三重県,塩浜地区市民センター庁舎,四日市市,塩浜本町一丁目１
三重県,塩浜地区市民センター敷地,四日市市,塩浜本町一丁目１
三重県,河原田地区市民センター庁舎,四日市市,河原田町１５９
三重県,河原田地区市民センター敷地,四日市市,河原田町１５９
三重県,中部地区市民センター庁舎,四日市市,西浦一丁目８-３
三重県,中央緑地第一体育館,四日市市,日永東一丁目３-２１
三重県,中央緑地第二体育館,四日市市,日永東一丁目３-２１
三重県,四日市市立中部西小学校校舎,四日市市,北町２-２３
三重県,四日市市立中部西小学校体育館,四日市市,北町２-２３
三重県,四日市市立中部西小学校グランド,四日市市,北町２-２３
三重県,四日市市立浜田小学校校舎,四日市市,北浜田町１３-６
三重県,四日市市立浜田小学校体育館,四日市市,北浜田町１３-６
三重県,四日市市立浜田小学校グランド,四日市市,北浜田町１３-６
三重県,四日市市立橋北小学校校舎,四日市市,川原町２５-２２
三重県,四日市市立橋北小学校体育館,四日市市,川原町２５-２２
三重県,四日市市立橋北小学校グランド,四日市市,川原町２５-２２
三重県,橋北交流会館,四日市市,東新町２６-３２
三重県,橋北交流会館体育館,四日市市,東新町２６-３２
三重県,橋北交流会館グランド,四日市市,東新町２６-３２
三重県,四日市市立塩浜小学校校舎,四日市市,塩浜町１-２
三重県,四日市市立塩浜小学校体育館,四日市市,塩浜町１-２
三重県,四日市市立塩浜小学校グランド,四日市市,塩浜町１-２
三重県,三浜文化会館,四日市市,海山道町一丁目１５３２番１
三重県,三浜文化会館体育館,四日市市,海山道町一丁目１５３２番１
三重県,三浜文化会館グランド,四日市市,海山道町一丁目１５３２番１
三重県,四日市市立羽津小学校校舎,四日市市,大宮町１６-３５
三重県,四日市市立羽津小学校体育館,四日市市,大宮町１６-３５
三重県,四日市市立羽津小学校グランド,四日市市,大宮町１６-３５
三重県,四日市市立海蔵小学校校舎,四日市市,大字東阿倉川５７８番地１
三重県,四日市市立海蔵小学校体育館,四日市市,大字東阿倉川５７８番地１
三重県,四日市市立海蔵小学校グランド,四日市市,大字東阿倉川５７８番地１
三重県,四日市市立富洲原小学校校舎,四日市市,富州原町３１-１４
三重県,四日市市立富洲原小学校体育館,四日市市,富州原町３１-１４
三重県,四日市市立富洲原小学校グランド,四日市市,富州原町３１-１４
三重県,四日市市立富田小学校校舎,四日市市,富田一丁目２４-４９
三重県,四日市市立富田小学校体育館,四日市市,富田一丁目２４-４９
三重県,四日市市立富田小学校グランド,四日市市,富田一丁目２４-４９
三重県,四日市市立日永小学校校舎,四日市市,日永四丁目５-１３
三重県,四日市市立日永小学校体育館,四日市市,日永四丁目５-１３
三重県,四日市市立日永小学校グランド,四日市市,日永四丁目５-１３
三重県,四日市市立四郷小学校校舎,四日市市,西日野町３２０７番地１
三重県,四日市市立四郷小学校体育館,四日市市,西日野町３２０７番地１
三重県,四日市市立四郷小学校グランド,四日市市,西日野町３２０７番地１
三重県,四日市市立高花平小学校校舎,四日市市,高花平二丁目１
三重県,四日市市立高花平小学校体育館,四日市市,高花平二丁目１
三重県,四日市市立高花平小学校グランド,四日市市,高花平二丁目１
三重県,四日市市立常磐小学校校舎,四日市市,城西町９-１４
三重県,四日市市立常磐小学校体育館,四日市市,城西町９-１４
三重県,四日市市立常磐小学校グランド,四日市市,城西町９-１４
三重県,四日市市立内部小学校校舎,四日市市,采女町８８８番地１
三重県,四日市市立内部小学校体育館,四日市市,采女町８８８番地１
三重県,四日市市立内部小学校グランド,四日市市,采女町８８８番地１
三重県,四日市市立小山田小学校校舎,四日市市,山田町１３７３番地１
三重県,四日市市立小山田小学校体育館,四日市市,山田町１３７３番地１
三重県,四日市市立小山田小学校グランド,四日市市,山田町１３７３番地１
三重県,四日市市立河原田小学校校舎,四日市市,河原田町７０
三重県,四日市市立河原田小学校体育館,四日市市,河原田町７０
三重県,四日市市立河原田小学校グランド,四日市市,河原田町７０
三重県,四日市市立川島小学校校舎,四日市市,川島町２０４６
三重県,四日市市立川島小学校体育館,四日市市,川島町２０４６
三重県,四日市市立川島小学校グランド,四日市市,川島町２０４６
三重県,四日市市立神前小学校校舎,四日市市,曽井町４９３番地１
三重県,四日市市立神前小学校体育館,四日市市,曽井町４９３番地１
三重県,四日市市立神前小学校グランド,四日市市,曽井町４９３番地１
三重県,四日市市立桜小学校校舎,四日市市,桜町１２５７
三重県,四日市市立桜小学校体育館,四日市市,桜町１２５７
三重県,四日市市立桜小学校グランド,四日市市,桜町１２５７
三重県,四日市市立県小学校校舎,四日市市,赤水町１００２
三重県,四日市市立県小学校体育館,四日市市,赤水町１００２
三重県,四日市市立県小学校グランド,四日市市,赤水町１００２
三重県,四日市市立三重小学校校舎,四日市市,東坂部町２２２番地２
三重県,四日市市立三重小学校体育館,四日市市,東坂部町２２２番地２
三重県,四日市市立三重小学校グランド,四日市市,東坂部町２２２番地２
三重県,四日市市立大矢知興譲小学校校舎,四日市市,大矢知町１２１２
三重県,四日市市立大矢知興譲小学校体育館,四日市市,大矢知町１２１２
三重県,四日市市立大矢知興譲小学校グランド,四日市市,大矢知町１２１２
三重県,四日市市立八郷小学校校舎,四日市市,平津町９９番地１
三重県,四日市市立八郷小学校体育館,四日市市,平津町９９番地１
三重県,四日市市立八郷小学校グランド,四日市市,平津町９９番地１
三重県,四日市市立下野小学校校舎,四日市市,朝明町４７５番地１
三重県,四日市市立下野小学校体育館,四日市市,朝明町４７５番地１
三重県,四日市市立下野小学校グランド,四日市市,朝明町４７５番地１
三重県,四日市市立水沢小学校校舎,四日市市,水沢町２４９１
三重県,四日市市立水沢小学校体育館,四日市市,水沢町２４９１
三重県,四日市市立水沢小学校グランド,四日市市,水沢町２４９１
三重県,四日市市立保々小学校校舎,四日市市,西村町２７４１
三重県,四日市市立保々小学校体育館,四日市市,西村町２７４１
三重県,四日市市立保々小学校グランド,四日市市,西村町２７４１
三重県,四日市市立泊山小学校校舎,四日市市,大字日永５５３０番地１９
三重県,四日市市立泊山小学校体育館,四日市市,大字日永５５３０番地１９
三重県,四日市市立泊山小学校グランド,四日市市,大字日永５５３０番地１９
三重県,四日市市立笹川小学校校舎,四日市市,笹川六丁目２５
三重県,四日市市立笹川小学校体育館,四日市市,笹川六丁目２５
三重県,四日市市立笹川小学校グランド,四日市市,笹川六丁目２５
三重県,四日市市立常磐西小学校校舎,四日市市,大字松本７６４
三重県,四日市市立常磐西小学校体育館,四日市市,大字松本７６４
三重県,四日市市立常磐西小学校グランド,四日市市,大字松本７６４
三重県,四日市市立大谷台小学校校舎,四日市市,大谷台一丁目２０４
三重県,四日市市立大谷台小学校体育館,四日市市,大谷台一丁目２０４
三重県,四日市市立大谷台小学校グランド,四日市市,大谷台一丁目２０４
三重県,旧四日市市立笹川西小学校校舎,四日市市,笹川五丁目６２
三重県,旧四日市市立笹川西小学校体育館,四日市市,笹川五丁目６２
三重県,旧四日市市立笹川西小学校グラウンド,四日市市,笹川五丁目６２
三重県,四日市市立三重西小学校校舎,四日市市,三重三丁目１２９
三重県,四日市市立三重西小学校体育館,四日市市,三重三丁目１２９
三重県,四日市市立三重西小学校グランド,四日市市,三重三丁目１２９
三重県,四日市市立桜台小学校校舎,四日市市,桜台一丁目３２
三重県,四日市市立桜台小学校体育館,四日市市,桜台一丁目３２
三重県,四日市市立桜台小学校グランド,四日市市,桜台一丁目３２
三重県,四日市市立三重北小学校校舎,四日市市,山之一色町９０
三重県,四日市市立三重北小学校体育館,四日市市,山之一色町９０
三重県,四日市市立三重北小学校グランド,四日市市,山之一色町９０
三重県,四日市市立八郷西小学校校舎,四日市市,萱生町１０８６
三重県,四日市市立八郷西小学校体育館,四日市市,萱生町１０８６
三重県,四日市市立八郷西小学校グランド,四日市市,萱生町１０８６
三重県,四日市市立羽津北小学校校舎,四日市市,大字羽津５００
三重県,四日市市立羽津北小学校体育館,四日市市,大字羽津５００
三重県,四日市市立羽津北小学校グランド,四日市市,大字羽津５００
三重県,四日市市立内部東小学校校舎,四日市市,采女町４２３番地４
三重県,四日市市立内部東小学校体育館,四日市市,采女町４２３番地４
三重県,四日市市立内部東小学校グランド,四日市市,采女町４２３番地４
三重県,四日市市立中央小学校校舎,四日市市,元新町２-３６
三重県,四日市市立中央小学校体育館,四日市市,元新町２-３６
三重県,四日市市立中央小学校グランド,四日市市,元新町２-３６
三重県,四日市市立楠小学校校舎,四日市市,楠町大字北五味塚２０６０番地９
三重県,四日市市立楠小学校体育館,四日市市,楠町大字北五味塚２０６０番地９
三重県,四日市市立楠小学校グランド,四日市市,楠町大字北五味塚２０６０番地９
三重県,四日市市立中部中学校校舎,四日市市,西浦二丁目５-３６
三重県,四日市市立中部中学校体育館,四日市市,西浦二丁目５-３６
三重県,四日市市立中部中学校グランド,四日市市,西浦二丁目５-３６
三重県,四日市市立橋北中学校校舎,四日市市,高浜町１-４
三重県,四日市市立橋北中学校体育館,四日市市,高浜町１-４
三重県,四日市市立橋北中学校グランド,四日市市,高浜町１-４
三重県,四日市市立塩浜中学校校舎,四日市市,大字塩浜４０９６
三重県,四日市市立塩浜中学校体育館,四日市市,大字塩浜４０９６
三重県,四日市市立塩浜中学校グランド,四日市市,大字塩浜４０９６
三重県,四日市市立港中学校校舎,四日市市,十七軒町１０-４１
三重県,四日市市立港中学校体育館,四日市市,十七軒町１０-４１
三重県,四日市市立港中学校グランド,四日市市,十七軒町１０-４１
三重県,四日市市立山手中学校校舎,四日市市,大字東阿倉川７０
三重県,四日市市立山手中学校体育館,四日市市,大字東阿倉川７０
三重県,四日市市立山手中学校グランド,四日市市,大字東阿倉川７０
三重県,四日市市立富洲原中学校校舎,四日市市,天ヵ須賀五丁目３－１０
三重県,四日市市立富洲原中学校体育館,四日市市,天ヵ須賀五丁目３－１０
三重県,四日市市立富洲原中学校グランド,四日市市,天ヵ須賀五丁目３－１０
三重県,四日市市立富田中学校校舎,四日市市,東茂福町４-１９
三重県,四日市市立富田中学校体育館,四日市市,東茂福町４-１９
三重県,四日市市立富田中学校グランド,四日市市,東茂福町４-１９
三重県,四日市市立笹川中学校校舎,四日市市,西日野町２６８番地２
三重県,四日市市立笹川中学校体育館,四日市市,西日野町２６８番地２
三重県,四日市市立笹川中学校グランド,四日市市,西日野町２６８番地２
三重県,四日市市立南中学校校舎,四日市市,前田町１８-１７
三重県,四日市市立南中学校体育館,四日市市,前田町１８-１７
三重県,四日市市立南中学校グランド,四日市市,前田町１８-１７
三重県,四日市市立西陵中学校校舎,四日市市,西山町７２２９
三重県,四日市市立西陵中学校体育館,四日市市,西山町７２２９
三重県,四日市市立西陵中学校グランド,四日市市,西山町７２２９
三重県,四日市市立三滝中学校校舎,四日市市,高角町２０６８番地２
三重県,四日市市立三滝中学校体育館,四日市市,高角町２０６８番地２
三重県,四日市市立三滝中学校グランド,四日市市,高角町２０６８番地２
三重県,四日市市立大池中学校校舎,四日市市,下海老町２６６２番地１
三重県,四日市市立大池中学校体育館,四日市市,下海老町２６６２番地１
三重県,四日市市立大池中学校グランド,四日市市,下海老町２６６２番地１
三重県,四日市市立朝明中学校校舎,四日市市,平津町４０９番地２
三重県,四日市市立朝明中学校体育館,四日市市,平津町４０９番地２
三重県,四日市市立朝明中学校グランド,四日市市,平津町４０９番地２
三重県,四日市市立保々中学校校舎,四日市市,西村町２７８７番地２
三重県,四日市市立保々中学校体育館,四日市市,西村町２７８７番地２
三重県,四日市市立保々中学校グランド,四日市市,西村町２７８７番地２
三重県,四日市市立常磐中学校校舎,四日市市,大字松本８１０
三重県,四日市市立常磐中学校体育館,四日市市,大字松本８１０
三重県,四日市市立常磐中学校グランド,四日市市,大字松本８１０
三重県,四日市市立西笹川中学校校舎,四日市市,笹川四丁目１０４
三重県,四日市市立西笹川中学校体育館,四日市市,笹川四丁目１０４
三重県,四日市市立西笹川中学校グランド,四日市市,笹川四丁目１０４
三重県,四日市市立三重平中学校校舎,四日市市,三重八丁目１
三重県,四日市市立三重平中学校体育館,四日市市,三重八丁目１
三重県,四日市市立三重平中学校グランド,四日市市,三重八丁目１
三重県,四日市市立羽津中学校校舎,四日市市,大字羽津甲２６
三重県,四日市市立羽津中学校体育館,四日市市,大字羽津甲２６
三重県,四日市市立羽津中学校グランド,四日市市,大字羽津甲２６
三重県,四日市市立西朝明中学校校舎,四日市市,北山町１１６９
三重県,四日市市立西朝明中学校体育館,四日市市,北山町１１６９
三重県,四日市市立西朝明中学校グランド,四日市市,北山町１１６９
三重県,四日市市立桜中学校校舎,四日市市,桜町１６０４
三重県,四日市市立桜中学校体育館,四日市市,桜町１６０４
三重県,四日市市立桜中学校グランド,四日市市,桜町１６０４
三重県,四日市市立内部中学校校舎,四日市市,波木町６９７
三重県,四日市市立内部中学校体育館,四日市市,波木町６９７
三重県,四日市市立内部中学校グランド,四日市市,波木町６９７
三重県,四日市市立楠中学校校舎,四日市市,楠町大字北五味塚２０９２
三重県,四日市市立楠中学校体育館,四日市市,楠町大字北五味塚２０９２
三重県,四日市市立楠中学校グランド,四日市市,楠町大字北五味塚２０９２
三重県,四日市市立羽津幼稚園庁舎,四日市市,大宮西町１９-２２
三重県,四日市市立羽津幼稚園グランド,四日市市,大宮西町１９-２２
三重県,四日市市立常磐中央幼稚園庁舎,四日市市,ときわ五丁目４-５３
三重県,四日市市立常磐中央幼稚園グランド,四日市市,ときわ五丁目４-５３
三重県,中部地区市民センター敷地,四日市市,西浦一丁目８-３
三重県,人権プラザ赤堀,四日市市,赤堀三丁目１-２１
三重県,四日市市立図書館,四日市市,久保田一丁目２-４２
三重県,人権プラザ天白,四日市市,日永二丁目５－１５
三重県,三重北勢健康増進センター,四日市市,塩浜町１番地１１
三重県,人権プラザ神前,四日市市,寺方町２２８１
三重県,あさけプラザ,四日市市,下之宮町２９６番地１
三重県,三滝武道館,四日市市,新浜町１７番２３号
三重県,四日市市総合会館,四日市市,諏訪町２-２
三重県,四日市市本町プラザ,四日市市,本町９-８
三重県,こども未来課分室,四日市市,北条町１１-９
三重県,市民文化課分室,四日市市,昌栄町２１-１０
三重県,楠保健福祉センター　ゆりかもめ,四日市市,楠町北五味塚１４５０番地１
三重県,四日市市立くす南保育園,四日市市,楠町南五味塚７５２
三重県,四日市市立羽津保育園,四日市市,羽津中二丁目３-２
三重県,四日市市立海蔵保育園,四日市市,大字西阿倉川８８３番地１
三重県,楠地区市民センター,四日市市,楠町北五味塚２０６０番地７２
三重県,楠交流会館,四日市市,楠町北五味塚１２１１番地１
三重県,三重県立四日市農芸高等学校,四日市市,河原田町２８４７
三重県,三重県立朝明高等学校,四日市市,中野町２２１６
三重県,伊勢市立伊勢宮川中学校校舎、伊勢宮川中学校グラウンド,伊勢市,二俣４丁目５番３号
三重県,豊浜地区コミュニティーセンター,伊勢市,西豊浜町３０４４番地
三重県,伊勢市立豊浜西小学校校舎、豊浜西小学校グラウンド,伊勢市,西豊浜町１７７９
三重県,伊勢市立旧豊浜中学校校舎、旧豊浜中学校グラウンド,伊勢市,西豊浜町２７３６
三重県,伊勢市立豊浜東小学校校舎、豊浜東小学校グラウンド,伊勢市,東豊浜町２９９－１
三重県,北浜地区コミュニティーセンター,伊勢市,村松町３番地１
三重県,伊勢市立北浜小学校校舎、北浜小学校グラウンド,伊勢市,村松町３２８５－１
三重県,伊勢市立旧北浜中学校校舎、旧北浜中学校グラウンド,伊勢市,東大淀町１５
三重県,船江公園,伊勢市,船江１丁目７６０
三重県,浜田公園,伊勢市,船江３丁目２００４－３
三重県,伊勢市立明倫小学校校舎、明倫小学校グラウンド,伊勢市,岡本１丁目１８番２１号
三重県,伊勢市立中島小学校校舎、中島小学校グラウンド,伊勢市,二俣１丁目２番１７号
三重県,伊勢市立有緝小学校校舎、有緝小学校グラウンド,伊勢市,船江２丁目２番５号
三重県,伊勢市立厚生中学校校舎、厚生中学校グラウンド,伊勢市,一之木５丁目５番３号
三重県,伊勢市立厚生小学校校舎、厚生小学校グラウンド,伊勢市,一志町１番地４
三重県,伊勢市福祉健康センター,伊勢市,八日市場町１３番地１
三重県,サンライフ伊勢,伊勢市,八日市場町１３番地１３
三重県,伊勢市コミュニティ消防センター,伊勢市,常磐１丁目１７番１２号
三重県,伊勢市立早修小学校校舎、早修小学校グラウンド,伊勢市,常磐３丁目１０番１９号
三重県,五十鈴公園,伊勢市,宇治館町５１０
三重県,岡本公園,伊勢市,岡本１丁目７０４
三重県,伊勢市立浜郷小学校校舎、浜郷小学校グラウンド,伊勢市,黒瀬町１６４８－１
三重県,伊勢市立宮山小学校校舎、宮山小学校グラウンド,伊勢市,旭町３１９
三重県,朝熊市民館,伊勢市,朝熊町１６７７番地１１
三重県,大久保市民館,伊勢市,朝熊町２６０２番地７
三重県,辻久留台１号公園,伊勢市,辻久留町字南尾５４２－３１
三重県,中央公園,伊勢市,一之木2丁目２２０４
三重県,大世古公園,伊勢市,大世古４丁目４５８
三重県,早修公園,伊勢市,宮町1丁目６０５
三重県,小川公園,伊勢市,中島2丁目１００４
三重県,うぐいす台２号公園,伊勢市,大倉町１５５３－３１９
三重県,坂東公園,伊勢市,中須町４０６－１
三重県,倉田山公園,伊勢市,楠部町１５６－１
三重県,緑が丘２号公園,伊勢市,楠部町字緑ヶ丘３１５８
三重県,黒瀬市民館,伊勢市,黒瀬町１１８０
三重県,奥新町公園,伊勢市,曽祢2丁目９０４
三重県,伊勢市立神社小学校校舎、神社小学校グラウンド,伊勢市,神社港２９４
三重県,伊勢市立進修小学校校舎、進修小学校グラウンド,伊勢市,宇治浦田２丁目１６番４３号
三重県,伊勢古市参宮街道資料館,伊勢市,中之町６９
三重県,神社地区コミュニティーセンター,伊勢市,神社港２６２番地１
三重県,伊勢市立神社幼稚園,伊勢市,神社港２９５番地２０
三重県,伊勢市立港中学校校舎、港中学校グラウンド,伊勢市,竹ケ鼻町７８－１０
三重県,伊勢市立大湊小学校校舎、大湊小学校グラウンド,伊勢市,大湊町１１１８番地１９４
三重県,伊勢市立倉田山中学校校舎、倉田山中学校グラウンド,伊勢市,神田久志本町１６４５－２
三重県,浜郷地区コミュニティーセンター,伊勢市,黒瀬町４８番地
三重県,伊勢市立修道小学校校舎、修道小学校グラウンド,伊勢市,久世戸町５番地１
三重県,伊勢市立旧沼木中学校校舎、旧沼木中学校グラウンド,伊勢市,上野町８２３
三重県,沼木地区コミュニティーセンター,伊勢市,上野町１２１５番地１
三重県,伊勢市立上野小学校校舎、上野小学校グラウンド,伊勢市,上野町２８４１番地２
三重県,伊勢市立旧沼木幼稚園,伊勢市,上野町２９０８
三重県,伊勢市立佐八小学校校舎、佐八小学校グラウンド,伊勢市,佐八町２２７８－１２
三重県,城田地区コミュニティーセンター,伊勢市,上地町１８０９番地１
三重県,伊勢市立城田小学校校舎、城田小学校グラウンド,伊勢市,上地町１４９４
三重県,伊勢市立東大淀小学校校舎、東大淀小学校グラウンド,伊勢市,東大淀町３５１
三重県,伊勢市立城田中学校校舎、城田中学校グラウンド,伊勢市,粟野町４７２
三重県,尾崎咢堂記念館,伊勢市,川端町９７番地２
三重県,伊勢市立五十鈴中学校校舎、五十鈴中学校グラウンド,伊勢市,中村町４４４
三重県,伊勢市立四郷小学校校舎、四郷小学校グラウンド,伊勢市,楠部町２４８４
三重県,放課後児童クラブリンドバーグ四郷,伊勢市,楠部町２４８４
三重県,伊勢市立城田幼稚園,伊勢市,上地町１５３７番地４
三重県,宮本地区コミュニティセンター,伊勢市,前山町３５５番地４
三重県,野依ふれあい公園,伊勢市,西豊浜町７９－２
三重県,朝熊ふれあい会館,伊勢市,朝熊町１４３３
三重県,しごうこども園,伊勢市,一宇田町８９１番地１
三重県,老人福祉センター駐車場,伊勢市,二見町茶屋
三重県,市営総合駐車場,伊勢市,二見町茶屋
三重県,溝口地区児童公園,伊勢市,二見町溝口
三重県,土地改良道路,伊勢市,二見町西地内
三重県,今一色公園,伊勢市,二見町今一色
三重県,伊勢市立旧今一色小学校グラウンド,伊勢市,二見町今一色３
三重県,伊勢市立二見老人福祉センター,伊勢市,二見町茶屋３４８
三重県,伊勢市立二見浦小学校屋内運動場,伊勢市,二見町荘１５００
三重県,二見公民館,伊勢市,二見町茶屋２０９
三重県,二見体育館,伊勢市,二見町茶屋２０９
三重県,伊勢市立二見中学校屋内運動場,伊勢市,二見町荘２０３７番地２
三重県,伊勢市立旧今一色小学校屋内運動場,伊勢市,二見町今一色３
三重県,音無山への遊歩道・登頂道路,伊勢市,二見町茶屋
三重県,R42号一里塚（パーキング),伊勢市,二見町茶屋
三重県,市道江１号線（安土桃山時代村前付近）前広場,伊勢市,二見町三津
三重県,市道溝口17号線五峰山付近,伊勢市,二見町溝口・光の街
三重県,二見生涯学習センター,伊勢市,二見町茶屋１１１番地１
三重県,御薗第2保育園,伊勢市,御薗町高向２５８９番地１
三重県,ハートプラザみその,伊勢市,御薗町長屋２７６７
三重県,御薗Ｂ＆Ｇ海洋センター,伊勢市,御薗町上條１１７３番地１
三重県,伊勢市立御薗小学校校舎、御薗小学校グラウンド,伊勢市,御薗町長屋１０７４番地９
三重県,伊勢市立御薗中学校校舎、御薗中学校グラウンド,伊勢市,磯町２２２５
三重県,環境改善センター,伊勢市,小俣町本町３
三重県,伊勢市立明野幼稚園,伊勢市,小俣町明野１４８１
三重県,小俣北部公民館,伊勢市,野村町５番地３
三重県,小俣総合体育館,伊勢市,小俣町新村４０１番地１
三重県,元町保健福祉会館,伊勢市,小俣町元町１０９２番地３
三重県,伊勢市立小俣中学校校舎、小俣中学校グラウンド,伊勢市,小俣町相合７５０
三重県,伊勢市立小俣小学校校舎、小俣小学校グラウンド,伊勢市,小俣町元町６６３番地１
三重県,三重県立宇治山田高等学校,伊勢市,浦口３丁目１３番１号
三重県,三重県立宇治山田商業高等学校,伊勢市,黒瀬町１１９３
三重県,三重県立伊勢高等学校,伊勢市,神田久志本町１７０３番地１
三重県,三重県立伊勢工業高等学校,伊勢市,神久２丁目７番１８
三重県,三重県立明野高等学校,伊勢市,小俣町明野１４８１
三重県,大湊地区コミュニティセンター,伊勢市,大湊町９８番地５
三重県,小俣保健センター,伊勢市,小俣町元町５３６
三重県,宮川流域下水道（宮川処理区）宮川浄化センター,伊勢市,大湊町1126番地
三重県,茶屋地下道（国道42号）,伊勢市,二見町茶屋
三重県,神田久志本町地下道（県道伊勢南島線）,伊勢市,神田久志本町
三重県,神久地下道（県道伊勢南島線）,伊勢市,神久２丁目、岩淵３丁目
三重県,内宮地下参道（県道伊勢磯部線）,伊勢市,宇治浦田町
三重県,松阪市立第一小学校体育館,松阪市,殿町１３４９番地１
三重県,松阪市立第一小学校グラウンド,松阪市,殿町１３４９番地２
三重県,松阪市立第二小学校体育館,松阪市,垣鼻町６３３
三重県,松阪市立第二小学校グラウンド,松阪市,垣鼻町６３３
三重県,松阪市立第三小学校体育館,松阪市,西之庄町１５０
三重県,松阪市立第三小学校グラウンド,松阪市,西之庄町１５０
三重県,松阪市立第四小学校体育館,松阪市,鎌田町４２８番地４
三重県,松阪市立第四小学校グラウンド,松阪市,鎌田町４２８番地４
三重県,松阪市立第五小学校体育館,松阪市,久保町２７６
三重県,松阪市立第五小学校グラウンド,松阪市,久保町２７６
三重県,松阪市立幸小学校体育館,松阪市,殿町１１９８番地２
三重県,松阪市立幸小学校グラウンド,松阪市,殿町１１９８番地２
三重県,松阪市立松江小学校体育館,松阪市,川井町３８０
三重県,松阪市立松江小学校グラウンド,松阪市,川井町３８０
三重県,松阪市立伊勢寺小学校体育館,松阪市,伊勢寺町２６
三重県,松阪市立伊勢寺小学校グラウンド,松阪市,伊勢寺町２６
三重県,松阪市立阿坂小学校体育館,松阪市,小阿坂町３３２５
三重県,松阪市立阿坂小学校グラウンド,松阪市,小阿坂町３３２５
三重県,松阪市立松ヶ崎小学校体育館,松阪市,松崎浦町７５１番地２
三重県,松阪市立松ヶ崎小学校グラウンド,松阪市,松崎浦町７５１番地２
三重県,松阪市立港小学校体育館,松阪市,荒木町１６
三重県,松阪市立港小学校グラウンド,松阪市,荒木町１６
三重県,松阪市立西黒部小学校体育館,松阪市,西黒部町７１３番地１
三重県,松阪市立西黒部小学校グラウンド,松阪市,西黒部町７１３番地１
三重県,松阪市立東黒部小学校体育館,松阪市,垣内田町６番地１
三重県,松阪市立東黒部小学校グラウンド,松阪市,垣内田町６番地１
三重県,松阪市立朝見小学校体育館,松阪市,大宮田町１９５
三重県,松阪市立朝見小学校グラウンド,松阪市,大宮田町１９５
三重県,松阪市立機殿小学校体育館,松阪市,六根町１６
三重県,松阪市立機殿小学校グラウンド,松阪市,六根町１６
三重県,松阪市立揥水小学校体育館,松阪市,豊原町１１２０
三重県,松阪市立揥水小学校グラウンド,松阪市,豊原町１１２０
三重県,松阪市立漕代小学校体育館,松阪市,目田町２０７
三重県,松阪市立漕代小学校グラウンド,松阪市,目田町２０７
三重県,松阪市立花岡小学校体育館,松阪市,大黒田町７５７
三重県,松阪市立花岡小学校グラウンド,松阪市,大黒田町７５７
三重県,松阪市立山室山小学校体育館,松阪市,光町１
三重県,松阪市立山室山小学校グラウンド,松阪市,光町１
三重県,松阪市立松尾小学校体育館,松阪市,丹生寺町５６６
三重県,松阪市立松尾小学校グラウンド,松阪市,丹生寺町５６６
三重県,松阪市立大河内小学校体育館,松阪市,矢津町１７７５
三重県,松阪市立大河内小学校グラウンド,松阪市,矢津町１７７５
三重県,松阪市立南小学校体育館,松阪市,小片野町９４５
三重県,松阪市立南小学校グラウンド,松阪市,小片野町９４５
三重県,松阪市立射和小学校体育館,松阪市,射和町５５７番地１
三重県,松阪市立射和小学校グラウンド,松阪市,射和町５５７番地１
三重県,松阪市立徳和小学校体育館,松阪市,上川町１９７番地４
三重県,松阪市立徳和小学校グラウンド,松阪市,上川町１９７番地４
三重県,松阪市立殿町中学校体育館,松阪市,殿町１５０８番地１
三重県,松阪市立殿町中学校グラウンド,松阪市,殿町１５０８番地１
三重県,松阪市立鎌田中学校体育館,松阪市,鎌田町６５６
三重県,松阪市立鎌田中学校グラウンド,松阪市,鎌田町６５６
三重県,松阪市立久保中学校体育館,松阪市,垣鼻町１７９０番地１
三重県,松阪市立久保中学校グラウンド,松阪市,垣鼻町１７９０番地１
三重県,松阪市立中部中学校体育館,松阪市,立野町１３４４
三重県,松阪市立中部中学校グラウンド,松阪市,立野町１３４４
三重県,松阪市立大江中学校体育館,松阪市,小片野町２２８
三重県,松阪市立大江中学校グラウンド,松阪市,小片野町２２８
三重県,松阪市立東部中学校体育館,松阪市,魚見町８８４
三重県,松阪市立東部中学校グラウンド,松阪市,魚見町８８４
三重県,松阪市立西中学校体育館,松阪市,曲町４番地８
三重県,松阪市立西中学校グラウンド,松阪市,曲町４番地８
三重県,松阪市立豊地小学校体育館,松阪市,嬉野堀之内町２２９
三重県,松阪市立豊地小学校グラウンド,松阪市,嬉野堀之内町２２９
三重県,松阪市立嬉野中学校体育館,松阪市,嬉野下之庄町１７２５
三重県,松阪市立嬉野中学校グラウンド,松阪市,嬉野下之庄町１７２５
三重県,松阪市立中川小学校体育館,松阪市,嬉野中川町１０５７
三重県,松阪市立中川小学校グラウンド,松阪市,嬉野中川町１０５７
三重県,松阪市立豊田小学校体育館,松阪市,嬉野川北町１３３８番地２
三重県,松阪市立豊田小学校グラウンド,松阪市,嬉野川北町１３３８番地２
三重県,松阪市立中原小学校体育館,松阪市,嬉野田村町４４
三重県,松阪市立中原小学校グラウンド,松阪市,嬉野田村町４４
三重県,松阪市立米ノ庄小学校体育館,松阪市,市場庄町２０
三重県,松阪市立米ノ庄小学校グラウンド,松阪市,市場庄町２０
三重県,松阪市立天白小学校体育館,松阪市,曽原町７７４
三重県,松阪市立天白小学校グラウンド,松阪市,曽原町７７４
三重県,松阪市立三雲中学校体育館,松阪市,中道町３４５
三重県,松阪市立三雲中学校グラウンド,松阪市,中道町３４５
三重県,松阪市立鵲小学校体育館,松阪市,笠松町２７９
三重県,松阪市立鵲小学校グラウンド,松阪市,笠松町２７９
三重県,松阪市立小野江小学校体育館,松阪市,小野江町３５５
三重県,松阪市立小野江小学校グラウンド,松阪市,小野江町３５５
三重県,松阪市立柿野小学校体育館,松阪市,飯南町深野３６８８
三重県,松阪市立柿野小学校グラウンド,松阪市,飯南町深野３６８８
三重県,松阪市立仁柿小学校体育館（休校中）,松阪市,飯南町上仁柿１９４
三重県,松阪市立仁柿小学校グラウンド（休校中）,松阪市,飯南町上仁柿１９４
三重県,松阪市立有間野小学校グラウンド（休校中）,松阪市,飯南町有間野１０６４
三重県,松阪市立粥見小学校体育館,松阪市,飯南町粥見３９６９
三重県,松阪市立粥見小学校グラウンド,松阪市,飯南町粥見３９６９
三重県,松阪市立飯南中学校体育館,松阪市,飯南町粥見５６６
三重県,松阪市立飯南中学校グラウンド,松阪市,飯南町粥見５６６
三重県,松阪市立宮前小学校体育館,松阪市,飯高町宮前１０２２
三重県,松阪市立宮前小学校グラウンド,松阪市,飯高町宮前１０２２
三重県,松阪市立飯高中学校体育館,松阪市,飯高町宮前９２７
三重県,松阪市立飯高中学校グラウンド,松阪市,飯高町宮前９２７
三重県,松阪市立川俣小学校体育館（休校中）,松阪市,飯高町粟野４８１
三重県,松阪市立川俣小学校グラウンド（休校中）,松阪市,飯高町粟野４８１
三重県,松阪市立旧飯高西中学校体育館（廃校）,松阪市,飯高町宮本２１６
三重県,松阪市立旧飯高西中学校グラウンド（廃校）,松阪市,飯高町宮本２１６
三重県,松阪市立香肌小学校体育館,松阪市,飯高町森１８１０番地２
三重県,松阪市立香肌小学校グラウンド,松阪市,飯高町森１８１０番地２
三重県,三重県立松阪工業高等学校体育館,松阪市,殿町１４１７
三重県,三重県立松阪工業高等学校グラウンド,松阪市,殿町１４１７
三重県,三重県立松阪高等学校体育館,松阪市,垣鼻町１６６４
三重県,三重県立松阪高等学校グラウンド,松阪市,垣鼻町１６６４
三重県,三重県立松阪商業高等学校体育館,松阪市,豊原町１６００
三重県,三重県立松阪商業高等学校グラウンド,松阪市,豊原町１６００
三重県,甚目地下道（県道嬉野津線）,松阪市,小野江町
三重県,広瀬地下道（県道小片野駅部田線）,松阪市,広瀬町
三重県,豊原地下道（県道御麻生園豊原線）,松阪市,山下町
三重県,桑名市立日進小学校校舎,桑名市,新屋敷１２６番地
三重県,桑名市立日進小学校体育館,桑名市,新屋敷１２６番地
三重県,桑名市立精義小学校校舎,桑名市,寿町３丁目２８番地
三重県,桑名市立精義小学校体育館,桑名市,寿町３丁目２８番地
三重県,桑名市立立教小学校校舎,桑名市,吉之丸１０番地
三重県,桑名市立立教小学校体育館,桑名市,吉之丸１０番地
三重県,桑名市立城東小学校校舎,桑名市,小貝須１８８３番地２号
三重県,桑名市立城東小学校体育館,桑名市,小貝須１８８３番地２号
三重県,桑名市立益世小学校校舎,桑名市,益生町５９番地
三重県,桑名市立益世小学校体育館,桑名市,益生町５９番地
三重県,桑名市立修徳小学校校舎,桑名市,東方３０２番地５号
三重県,桑名市立修徳小学校体育館,桑名市,東方３０２番地５号
三重県,桑名市立大成小学校校舎,桑名市,東方２１５７番地
三重県,桑名市立大成小学校体育館,桑名市,東方２１５７番地
三重県,桑名市立大和小学校校舎,桑名市,播磨７７０番地
三重県,桑名市立大和小学校体育館,桑名市,播磨７７０番地
三重県,桑名市立桑部小学校校舎,桑名市,桑部４７９番地１号
三重県,桑名市立桑部小学校体育館,桑名市,桑部４７９番地１号
三重県,桑名市立在良小学校校舎,桑名市,蓮花寺１２９番地２号
三重県,桑名市立在良小学校体育館,桑名市,蓮花寺１２９番地２号
三重県,桑名市立七和小学校校舎,桑名市,芳ヶ崎１２３２番地２号
三重県,桑名市立七和小学校体育館,桑名市,芳ヶ崎１２３２番地２号
三重県,桑名市立久米小学校校舎,桑名市,志知３８４６番地１号
三重県,桑名市立久米小学校体育館,桑名市,志知３８４６番地１号
三重県,桑名市立深谷小学校校舎,桑名市,下深谷部３６８３番地１号
三重県,桑名市立深谷小学校体育館,桑名市,下深谷部３６８３番地１号
三重県,桑名市立城南小学校校舎,桑名市,和泉２６９番地１号
三重県,桑名市立城南小学校体育館,桑名市,和泉２６９番地１号
三重県,桑名市立大山田東小学校校舎,桑名市,筒尾８丁目１１番地１号
三重県,桑名市立大山田東小学校体育館,桑名市,筒尾８丁目１１番地１号
三重県,桑名市立大山田北小学校校舎,桑名市,大山田６丁目８番地
三重県,桑名市立大山田北小学校体育館,桑名市,大山田６丁目８番地
三重県,桑名市立大山田西小学校校舎,桑名市,野田２丁目８番地
三重県,桑名市立大山田西小学校体育館,桑名市,野田２丁目８番地
三重県,桑名市立大山田南小学校校舎,桑名市,松ノ木６丁目１１番地１号
三重県,桑名市立大山田南小学校体育館,桑名市,松ノ木６丁目１１番地１号
三重県,桑名市立藤が丘小学校校舎,桑名市,藤が丘６丁目１０９番地２号
三重県,桑名市立藤が丘小学校体育館,桑名市,藤が丘６丁目１０９番地２号
三重県,桑名市立星見ヶ丘小学校校舎,桑名市,星見ヶ丘８丁目５０１番地
三重県,桑名市立星見ヶ丘小学校体育館,桑名市,星見ヶ丘８丁目５０１番地
三重県,桑名市立多度中小学校校舎,桑名市,多度町小山２０６０番地
三重県,桑名市立多度中小学校体育館,桑名市,多度町小山２０６０番地
三重県,桑名市立多度北小学校校舎,桑名市,多度町香取２２０２番地
三重県,桑名市立多度北小学校体育館,桑名市,多度町香取２２０２番地
三重県,桑名市立旧多度西小学校校舎,桑名市,多度町古野１１０番地
三重県,桑名市立旧多度西小学校体育館,桑名市,多度町古野１１０番地
三重県,桑名市立多度青葉小学校校舎,桑名市,多度町力尾２３０４番地２号
三重県,桑名市立多度青葉小学校体育館,桑名市,多度町力尾２３０４番地２号
三重県,桑名市立多度東小学校校舎,桑名市,多度町下野代９５５番地
三重県,桑名市立多度東小学校体育館,桑名市,多度町下野代９５５番地
三重県,桑名市立長島北部小学校校舎,桑名市,長島町西川４２３番地
三重県,桑名市立長島北部小学校体育館,桑名市,長島町西川４２３番地
三重県,桑名市立長島中部小学校校舎,桑名市,長島町西外面２１８８番地
三重県,桑名市立長島中部小学校体育館,桑名市,長島町西外面２１８８番地
三重県,桑名市立伊曽島小学校校舎,桑名市,長島町福吉５６７番地
三重県,桑名市立伊曽島小学校体育館,桑名市,長島町福吉５６７番地
三重県,桑名市立成徳中学校校舎,桑名市,東汰上４１５番地１号
三重県,桑名市立成徳中学校体育館,桑名市,東汰上４１５番地１号
三重県,桑名市立明正中学校校舎,桑名市,明正町３１番地
三重県,桑名市立明正中学校体育館,桑名市,明正町３１番地
三重県,桑名市立光風中学校校舎,桑名市,新矢田２丁目３７番地
三重県,桑名市立光風中学校体育館,桑名市,新矢田２丁目３７番地
三重県,桑名市立陽和中学校校舎,桑名市,小貝須１４０８番地４号
三重県,桑名市立陽和中学校体育館,桑名市,小貝須１４０８番地４号
三重県,桑名市立正和中学校校舎,桑名市,坂井３３９番地２５号
三重県,桑名市立正和中学校体育館,桑名市,坂井３３９番地２５号
三重県,桑名市立陵成中学校校舎,桑名市,筒尾８丁目１２番地
三重県,桑名市立陵成中学校体育館,桑名市,筒尾８丁目１２番地
三重県,桑名市立光陵中学校校舎,桑名市,大山田５丁目１２番地
三重県,桑名市立光陵中学校体育館,桑名市,大山田５丁目１２番地
三重県,桑名市立多度中学校校舎,桑名市,多度町柚井２４番地
三重県,桑名市立多度中学校体育館,桑名市,多度町柚井２４番地
三重県,桑名市立長島中学校校舎,桑名市,長島町西外面２１７５番地
三重県,桑名市立長島中学校体育館,桑名市,長島町西外面２１７５番地
三重県,桑名市在良まちづくり拠点施設,桑名市,蓮花寺２６３番地１号
三重県,桑名市七和まちづくり拠点施設,桑名市,芳ヶ崎１３６５番地１号
三重県,桑名市久米まちづくり拠点施設,桑名市,志知３８３８番地８号
三重県,桑名市深谷まちづくり拠点施設,桑名市,下深谷部５１８０番地
三重県,桑名市大山田地区市民センター,桑名市,大山田１丁目９番地
三重県,城南地区まちづくり拠点施設,桑名市,和泉６６７番地
三重県,桑名市桑部まちづくり拠点施設,桑名市,桑部８３０番地２３号
三重県,桑名市日進まちづくり拠点施設,桑名市,新屋敷１６９番地
三重県,桑名市立教まちづくり拠点施設,桑名市,内堀７番地
三重県,はまぐりプラザ（城東まちづくり拠点施設・漁業交流センター）,桑名市,赤須賀８６番地２１号
三重県,桑名市益世まちづくり拠点施設,桑名市,馬道１丁目３３番地３
三重県,桑名市修徳まちづくり拠点施設,桑名市,大字桑名６２８番地５８
三重県,桑名市大山田コミュニティプラザ,桑名市,大山田１丁目７番地４
三重県,桑名市スター２１,桑名市,星見ヶ丘８丁目６０１番地
三重県,桑名市精義まちづくり拠点施設,桑名市,中央町３丁目４９番地
三重県,桑名市大成まちづくり拠点施設,桑名市,大字東方２０８０番地１８
三重県,桑名市大和まちづくり拠点施設,桑名市,大字播磨７３４番地１
三重県,桑名市伊曽島まちづくり拠点施設,桑名市,長島町白鶏１番地３８号
三重県,桑名市長島北部分館,桑名市,長島町西川３７５番地
三重県,桑名市長島伊曽島分館,桑名市,長島町白鶏１番地２
三重県,ヤマモリ体育館（桑名市体育館）,桑名市,中央町３丁目３８番地
三重県,桑名市多度体育センター,桑名市,多度町多度７３８番地4
三重県,伝馬公園,桑名市,伝馬町５番地
三重県,一色公園,桑名市,一色町５番地
三重県,新屋敷公園,桑名市,新屋敷５番地
三重県,精義公園,桑名市,寿町３丁目５番地
三重県,老松公園,桑名市,三栄町５番地
三重県,東太一丸公園,桑名市,東太一丸５番地
三重県,新築公園,桑名市,新築町５番地
三重県,中央児童遊園,桑名市,中央町４丁目５番地
三重県,京町公園,桑名市,京町７番地
三重県,九華公園,桑名市,吉之丸５番地１号
三重県,三之丸公園,桑名市,吉之丸７番地
三重県,貝塚公園,桑名市,内堀５番地２号
三重県,内堀公園,桑名市,内堀５番地
三重県,内堀南公園,桑名市,内堀５番地１号
三重県,歴史を語る公園,桑名市,片町３２
三重県,勢以口公園,桑名市,江場字勢以口４７番地
三重県,走井山公園,桑名市,城山町２６７番地
三重県,矢田公園,桑名市,新矢田１丁目５番地
三重県,新矢田公園,桑名市,新矢田２丁目５番地
三重県,立花公園,桑名市,立花町１丁目４番地
三重県,霞公園,桑名市,霞町２丁目４番地
三重県,笠松公園,桑名市,上野字笠松町２２０
三重県,若宮公園,桑名市,江場字神戸１４０７番地２
三重県,徳成第一公園,桑名市,東方字徳成１６０１番地１４号
三重県,畷公園,桑名市,桑名字北浜６２５番地１号
三重県,諸戸苑第一公園,桑名市,桑名字葭山６４７番地１０２号
三重県,福島公園,桑名市,福島新町１０６番地
三重県,矢田野公園,桑名市,福島矢田野９６９番地２７号
三重県,梅園公園,桑名市,梅園通４番地
三重県,青葉公園,桑名市,青葉町１丁目４番地
三重県,尾弓田公園,桑名市,東方尾弓田３０４４番地
三重県,高塚第一公園,桑名市,高塚町３丁目５番地
三重県,高塚第二公園,桑名市,高塚町４丁目５番地
三重県,高塚第三公園,桑名市,高塚町６丁目５番地
三重県,農住第一公園,桑名市,播磨字岸西下３０９２番地
三重県,東方公園,桑名市,東方細貝道１１２２番地４号
三重県,北別所第一公園,桑名市,北別所池之割１１３１番地８号
三重県,岸西下公園,桑名市,神成２丁目５番地
三重県,西場様公園,桑名市,神成１丁目１４番地
三重県,播磨台公園,桑名市,播磨字鳥打７７９番地
三重県,若竹公園,桑名市,東方播磨前２３４４番地
三重県,春日台公園,桑名市,東金井字春日台５５８番地７号
三重県,桑名南ハイツ公園,桑名市,桑部字山ヶ鼻１５００番地８３号
三重県,桑部園公園,桑名市,桑部字松ヶ下１０２３番地８号
三重県,しのはら西公園,桑名市,桑部字篠原３２７５番地
三重県,東正和台公園,桑名市,東正和台６丁目５番地
三重県,能部第二公園,桑名市,能部字花貝戸５２５番地２１号
三重県,有吉台公園,桑名市,額田有吉台１０００番地１６８号
三重県,希望ヶ丘第三公園,桑名市,西別所駒広２１３８番地１３号
三重県,希望ヶ丘第１北公園,桑名市,西別所山坂下１７００番地７９号
三重県,希望ヶ丘第１南公園,桑名市,西別所山坂下１７００番地７７号
三重県,希望ヶ丘第四公園,桑名市,西別所山畑１２００番地３７４号
三重県,希望ヶ丘第二北公園,桑名市,西別所山畑１２００番地３７２号
三重県,希望ヶ丘第二南公園,桑名市,西別所山畑１２００番地２０６号
三重県,蓮花寺住宅第三南公園,桑名市,蓮花寺字西広６４４番地１５６号
三重県,蓮花寺第３北公園,桑名市,蓮花寺字西広６４４番地１５２号
三重県,蓮花寺第１北公園,桑名市,蓮花寺字西広６４４番地８５号
三重県,蓮花寺第４北公園,桑名市,蓮花寺字西広６４４番地１５３号
三重県,蓮花寺第２北公園,桑名市,蓮花寺字神田９７９番地６９号
三重県,蓮花寺諸戸苑公園,桑名市,蓮花寺皿ヶ谷１６０５番地８号
三重県,在良第一公園,桑名市,西別所石曽根９４５番地５号
三重県,西別所緑地公園,桑名市,上野庄右エ門新田９６５番地１号
三重県,西別所第一公園,桑名市,西別所字東谷２２１０番地
三重県,西別所第二公園,桑名市,西別所小池６７８番地１号
三重県,山坂下公園,桑名市,西別所新倉持８８番地
三重県,西池城公園,桑名市,五反田小山２５３６番地
三重県,西森忠団地児童遊園,桑名市,森忠５２７－４
三重県,芳ケ崎団地児童遊園,桑名市,芳ヶ崎１３８０－１
三重県,中山公園,桑名市,中山町５番地
三重県,里公園,桑名市,里町５番地
三重県,北川原公園,桑名市,北川原台５番地
三重県,深川公園,桑名市,下深谷部城之堀２０番地７号
三重県,吉野緑地,桑名市,下深谷部川崎４６００番地３３号
三重県,吉野公園,桑名市,下深谷部川崎４６００番地３４号
三重県,高砂公園,桑名市,下深谷部中村前７０６番地１号
三重県,高砂緑地公園,桑名市,下深谷部中村前５４３番地１８号
三重県,南高砂公園,桑名市,下深谷部中村前７７０番地５号
三重県,長儘公園,桑名市,下深谷部長儘４９１９番地２０号
三重県,桑栄団地第一公園,桑名市,上深谷部字土深３６７番地８号
三重県,桑栄団地第二公園,桑名市,上深谷部字土深３６７番地２７号
三重県,深谷第一公園,桑名市,下深谷部４８４７番地５８号
三重県,深谷第二公園,桑名市,下深谷部字外田５１６４番地１
三重県,川岸公園,桑名市,友村字川岸４３１番地３０号
三重県,久米公園,桑名市,志知字平群沢３６８３番地２号
三重県,島田公園,桑名市,島田字茶園９２２番地３３号
三重県,西正和台公園,桑名市,西正和台２丁目５番地
三重県,こばさか公園,桑名市,赤尾台１丁目３７番地
三重県,赤尾台ひがし公園,桑名市,赤尾台８丁目４８番地
三重県,どうしんだに公園,桑名市,赤尾台４丁目５９番地
三重県,さわ公園,桑名市,赤尾台７丁目６１番地
三重県,小貝須第一公園,桑名市,小貝須字柳原３５１番地５１号
三重県,町屋川緑地公園,桑名市,和泉字チノ割１１２４番地
三重県,安永第一公園,桑名市,安永字三区割３５９番地１号
三重県,安永第二公園,桑名市,安永字三区割３３２番地４２号
三重県,筒尾第一公園,桑名市,筒尾５丁目５番地
三重県,筒尾第二公園,桑名市,筒尾３丁目５番地
三重県,大山田第一公園,桑名市,陽だまりの丘８丁目１０５番地
三重県,大山田第二公園,桑名市,野田３丁目５番地
三重県,野田公園,桑名市,野田６丁目５番地
三重県,大山田第三公園,桑名市,大山田２丁目５番地
三重県,大山田第四公園,桑名市,筒尾９丁目５番地
三重県,焼尾公園,桑名市,藤が丘２丁目８０１番地
三重県,東谷第一公園,桑名市,大山田５丁目７番地２号
三重県,東谷第二公園,桑名市,大山田６丁目７番地２０１号
三重県,板取原公園,桑名市,松ノ木１丁目５番地
三重県,藤谷公園,桑名市,松ノ木７丁目５番地１号
三重県,松ノ木公園,桑名市,松ノ木２丁目５番地
三重県,小家場公園,桑名市,藤が丘９丁目６０１番地
三重県,藤が丘デザイン公園,桑名市,藤が丘４丁目１０５番地
三重県,敷谷公園,桑名市,藤が丘５丁目５０１番地
三重県,こはぢけ公園,桑名市,新西方２丁目１２４番地
三重県,うまざかした公園,桑名市,新西方５丁目１０６番地
三重県,よきとうげ公園,桑名市,新西方３丁目１５０番地
三重県,ななまがり公園,桑名市,新西方５丁目２２０番地
三重県,播磨中央公園,桑名市,陽だまりの丘２丁目１０１
三重県,おがわら公園,桑名市,陽だまりの丘７丁目２２０１
三重県,ひだまりの丘公園,桑名市,陽だまりの丘４丁目１６０１
三重県,しおがま公園,桑名市,陽だまりの丘２丁目５０１
三重県,草摘公園,桑名市,星見ヶ丘２丁目４０１番地
三重県,二谷公園,桑名市,星見ヶ丘９丁目９０１番地
三重県,八尾公園,桑名市,星見ヶ丘３丁目１３０８番地
三重県,星川東谷公園,桑名市,星見ヶ丘７丁目８０１番地
三重県,星川公園,桑名市,星見ヶ丘５丁目７０１番地
三重県,坂井公園,桑名市,星見ヶ丘６丁目７０１番地
三重県,大倉児童公園,桑名市,長島町大倉１丁目２１９番地
三重県,押付公園,桑名市,長島町押付８９番地３号
三重県,新栄公園,桑名市,長島町押付５２５番地１号
三重県,かおるヶ丘児童公園,桑名市,長島町押付５３５番地２５号
三重県,平和公園,桑名市,長島町西外面２１８７番地
三重県,松の台公園,桑名市,長島町又木８５番地４２号
三重県,姫御前公園,桑名市,長島町松ヶ島７００番地１号
三重県,北姫御前公園,桑名市,長島町松ヶ島７００番地１４３号
三重県,南姫御前公園,桑名市,長島町松ヶ島７３３番地１７６号
三重県,鎌ヶ池児童公園,桑名市,長島町鎌ヶ池４４番地
三重県,大島公園,桑名市,長島町大島９８番地
三重県,ユニータウン公園,桑名市,長島町葭ヶ須７１４番地７８号
三重県,福吉公園,桑名市,長島町福吉１５３番地
三重県,白坊主山公園,桑名市,長島町白鶏７３３番地２号
三重県,浦安公園,桑名市,長島町浦安１２９番地
三重県,三重県立桑名高等学校,桑名市,東方１７９５番地
三重県,三重県立桑名北高等学校,桑名市,下深谷部２５２７番地
三重県,三重県立桑名西高等学校,桑名市,志知２８３９番地
三重県,三重県立桑名工業高等学校 体育館,桑名市,芳ヶ崎１３３０番地１号
三重県,鈴鹿市立国府小学校体育館,鈴鹿市,国府町２３７３番地１
三重県,鈴鹿市立国府小学校グラウンド,鈴鹿市,国府町２３７３番地１
三重県,国府公民館,鈴鹿市,国府町３２９４番地
三重県,鈴鹿市立平田野中学校体育館,鈴鹿市,国府町９１０５番地の１
三重県,鈴鹿市立平田野中学校グラウンド,鈴鹿市,国府町９１０５番地の１
三重県,住吉公民館,鈴鹿市,住吉一丁目２２番地３
三重県,鈴鹿青少年センター総合研修館,鈴鹿市,住吉町南谷口
三重県,庄野公民館,鈴鹿市,庄野町１７番地７
三重県,鈴鹿市立庄野小学校体育館,鈴鹿市,庄野東二丁目５番３５号
三重県,鈴鹿市立庄野小学校グラウンド,鈴鹿市,庄野東二丁目５番３５号
三重県,鈴鹿市立白鳥中学校体育館,鈴鹿市,加佐登三丁目１番１号
三重県,鈴鹿市立白鳥中学校グラウンド,鈴鹿市,加佐登三丁目１番１号
三重県,加佐登公民館,鈴鹿市,高塚町１０６８番地１
三重県,鈴鹿市立加佐登小学校体育館,鈴鹿市,高塚町１０６９番地
三重県,鈴鹿市立加佐登小学校グラウンド,鈴鹿市,高塚町１０６９番地
三重県,清和公民館,鈴鹿市,算所五丁目２１番１号
三重県,鈴鹿市立清和小学校体育館,鈴鹿市,算所五丁目２１番１２号
三重県,鈴鹿市立清和小学校グラウンド,鈴鹿市,算所五丁目２１番１２号
三重県,牧田コミュニティセンター,鈴鹿市,平田東町５番地１０
三重県,鈴鹿市立明生小学校体育館,鈴鹿市,大池二丁目１３番１号
三重県,鈴鹿市立明生小学校グラウンド,鈴鹿市,大池二丁目１３番１号
三重県,牧田公民館,鈴鹿市,弓削二丁目６番３０号
三重県,鈴鹿市立牧田小学校体育館,鈴鹿市,岡田一丁目２９番１号
三重県,鈴鹿市立牧田小学校グラウンド,鈴鹿市,岡田一丁目２９番１号
三重県,鈴鹿市立石薬師小学校体育館,鈴鹿市,石薬師町１７１３番地
三重県,鈴鹿市立石薬師小学校グラウンド,鈴鹿市,石薬師町１７１３番地
三重県,石薬師公民館,鈴鹿市,石薬師町２０２２番地１
三重県,鈴鹿市立白子小学校体育館,鈴鹿市,白子一丁目１２番１２号
三重県,鈴鹿市立白子小学校グラウンド,鈴鹿市,白子一丁目１２番１２号
三重県,子育て応援館（はぐはぐ）,鈴鹿市,白子駅前６番地３３
三重県,鼓ヶ浦公民館,鈴鹿市,寺家一丁目１１番１５号
三重県,鈴鹿市立鼓ヶ浦小学校体育館,鈴鹿市,寺家一丁目４１番１号
三重県,鈴鹿市立鼓ヶ浦小学校グラウンド,鈴鹿市,寺家一丁目４１番１号
三重県,鈴鹿市立鼓ヶ浦中学校体育館,鈴鹿市,寺家四丁目１１番１号
三重県,鈴鹿市立鼓ヶ浦中学校グラウンド,鈴鹿市,寺家四丁目１１番１号
三重県,ＡＧＦ鈴鹿体育館,鈴鹿市,江島台一丁目１番１号
三重県,鈴鹿市武道館,鈴鹿市,江島台二丁目６番１号
三重県,白子公民館,鈴鹿市,江島本町１番地１
三重県,白子コミュニティーセンター,鈴鹿市,江島本町１３番地３７
三重県,愛宕公民館,鈴鹿市,東江島町２１番地６
三重県,鈴鹿市立愛宕小学校体育館,鈴鹿市,東江島町２３番地１５
三重県,鈴鹿市立愛宕小学校グラウンド,鈴鹿市,東江島町２３番地１５
三重県,鈴鹿市立旭が丘小学校体育館,鈴鹿市,東旭が丘五丁目３番１８号
三重県,鈴鹿市立旭が丘小学校グラウンド,鈴鹿市,東旭が丘五丁目３番１８号
三重県,旭が丘公民館,鈴鹿市,中旭が丘三丁目１３番３０号
三重県,鈴鹿市立白子中学校体育館,鈴鹿市,中旭が丘四丁目５番６２号
三重県,鈴鹿市立白子中学校グラウンド,鈴鹿市,中旭が丘四丁目５番６２号
三重県,稲生公民館,鈴鹿市,稲生塩屋三丁目２番３４号
三重県,鈴鹿市立稲生小学校体育館,鈴鹿市,稲生三丁目１０番１号
三重県,鈴鹿市立稲生小学校グラウンド,鈴鹿市,稲生三丁目１０番１号
三重県,飯野公民館,鈴鹿市,西條町４６３番地
三重県,鈴鹿市文化会館,鈴鹿市,飯野寺家町８１０番地
三重県,鈴鹿市立創徳中学校体育館,鈴鹿市,三日市町１８０３番地８
三重県,鈴鹿市立創徳中学校グラウンド,鈴鹿市,三日市町１８０３番地８
三重県,鈴鹿市立飯野小学校体育館,鈴鹿市,三日市南二丁目１番７号
三重県,鈴鹿市立飯野小学校グラウンド,鈴鹿市,三日市南二丁目１番７号
三重県,河曲公民館,鈴鹿市,河田町３７０番地１０
三重県,鈴鹿市立河曲小学校体育館,鈴鹿市,十宮町７１９番地２
三重県,鈴鹿市立河曲小学校グラウンド,鈴鹿市,十宮町７１９番地２
三重県,鈴鹿市立神戸中学校体育館,鈴鹿市,十宮町１３３５
三重県,鈴鹿市立神戸中学校グラウンド,鈴鹿市,十宮町１３３５
三重県,一ノ宮団地隣保館,鈴鹿市,一ノ宮町５００番地４７
三重県,鈴鹿市立一ノ宮小学校体育館,鈴鹿市,一ノ宮町５５７番地
三重県,鈴鹿市立一ノ宮小学校グラウンド,鈴鹿市,一ノ宮町５５７番地
三重県,一ノ宮市民館,鈴鹿市,一ノ宮町８７０番地１
三重県,一ノ宮公民館,鈴鹿市,一ノ宮町１７５５番地
三重県,長太公民館,鈴鹿市,北長太町２８９番地
三重県,鈴鹿市立長太小学校体育館,鈴鹿市,長太旭町五丁目４番５号
三重県,鈴鹿市立長太小学校グラウンド,鈴鹿市,長太旭町五丁目４番５号
三重県,箕田公民館,鈴鹿市,中箕田町１１３１番地１
三重県,鈴鹿市立箕田小学校体育館,鈴鹿市,南堀江一丁目１番１号
三重県,鈴鹿市立箕田小学校グラウンド,鈴鹿市,南堀江一丁目１番１号
三重県,鈴鹿市立大木中学校体育館,鈴鹿市,北堀江二丁目１５番１号
三重県,鈴鹿市立大木中学校グラウンド,鈴鹿市,北堀江二丁目１５番１号
三重県,玉垣会館,鈴鹿市,東玉垣町５２２番地１
三重県,鈴鹿市立千代崎中学校体育館,鈴鹿市,東玉垣町２８６３番地
三重県,鈴鹿市立千代崎中学校グラウンド,鈴鹿市,東玉垣町２８６３番地
三重県,ふれあいセンター,鈴鹿市,南玉垣町６６００番地
三重県,鈴鹿市立玉垣小学校体育館,鈴鹿市,北玉垣町９４７番地
三重県,鈴鹿市立玉垣小学校グラウンド,鈴鹿市,北玉垣町９４７番地
三重県,玉垣公民館,鈴鹿市,北玉垣町９８０番地
三重県,鈴鹿市立桜島小学校体育館,鈴鹿市,桜島町四丁目１２番
三重県,鈴鹿市立桜島小学校グラウンド,鈴鹿市,桜島町四丁目１２番
三重県,若松公民館,鈴鹿市,若松中二丁目３番８号
三重県,鈴鹿市立若松小学校体育館,鈴鹿市,若松中一丁目４番１号
三重県,鈴鹿市立若松小学校グラウンド,鈴鹿市,若松中一丁目４番１号
三重県,鈴鹿市民会館,鈴鹿市,神戸一丁目１８番１８号
三重県,鈴鹿市立神戸小学校体育館,鈴鹿市,神戸二丁目１２番１０号
三重県,鈴鹿市立神戸小学校グラウンド,鈴鹿市,神戸二丁目１２番１０号
三重県,神戸公民館,鈴鹿市,神戸二丁目１７番４０号
三重県,神戸コミュニティーセンター,鈴鹿市,神戸九丁目２４番５２号
三重県,栄公民館,鈴鹿市,五祝町１０７３番地
三重県,鈴鹿市立栄小学校体育館,鈴鹿市,五祝町１８４５番地２
三重県,鈴鹿市立栄小学校グラウンド,鈴鹿市,五祝町１８４５番地２
三重県,郡山公民館,鈴鹿市,郡山町５４０番地８
三重県,鈴鹿市立郡山小学校体育館,鈴鹿市,郡山町７１０番地６
三重県,鈴鹿市立郡山小学校グラウンド,鈴鹿市,郡山町７１０番地６
三重県,鈴鹿市立天栄中学校体育館,鈴鹿市,秋永町１８３９番地
三重県,鈴鹿市立天栄中学校グラウンド,鈴鹿市,秋永町１８３９番地
三重県,天名公民館,鈴鹿市,御薗町２２９７番地
三重県,鈴鹿市立天名小学校体育館,鈴鹿市,御薗町２５００番地
三重県,鈴鹿市立天名小学校グラウンド,鈴鹿市,御薗町２５００番地
三重県,合川公民館,鈴鹿市,三宅町２１４１番地
三重県,鈴鹿市立合川小学校体育館,鈴鹿市,三宅町３６９４番地２
三重県,鈴鹿市立合川小学校グラウンド,鈴鹿市,三宅町３６９４番地２
三重県,合川コミュニティセンター,鈴鹿市,長法寺町３５６番地１
三重県,鈴鹿市立井田川小学校体育館,鈴鹿市,和泉町８１４番地
三重県,鈴鹿市立井田川小学校グラウンド,鈴鹿市,和泉町８１４番地
三重県,井田川公民館,鈴鹿市,西冨田町１１番地
三重県,久間田公民館,鈴鹿市,下大久保町７９７番地１
三重県,農村環境改善センター,鈴鹿市,岸田町１５４９番地１２
三重県,椿公民館,鈴鹿市,山本町７４７番地２
三重県,鈴鹿市立椿小学校体育館,鈴鹿市,山本町７５０番地
三重県,鈴鹿市立椿小学校グラウンド,鈴鹿市,山本町７５０番地
三重県,深伊沢公民館,鈴鹿市,深溝町１５６０番地１
三重県,鈴鹿市立鈴西小学校体育館,鈴鹿市,深溝町３１７２番地１
三重県,鈴鹿市立鈴西小学校グラウンド,鈴鹿市,深溝町３１７２番地１
三重県,鈴峰公民館,鈴鹿市,伊船町１００９番地５
三重県,鈴鹿市立深伊沢小学校体育館,鈴鹿市,伊船町１６９３番地
三重県,鈴鹿市立深伊沢小学校グラウンド,鈴鹿市,伊船町１６９３番地
三重県,西部体育館,鈴鹿市,長澤町１８２８番地２
三重県,鈴鹿市立鈴峰中学校体育館,鈴鹿市,長澤町１８６７番地１
三重県,鈴鹿市立鈴峰中学校グラウンド,鈴鹿市,長澤町１８６７番地１
三重県,庄内公民館,鈴鹿市,東庄内町２４３０番地２
三重県,鈴鹿市立庄内小学校体育館,鈴鹿市,東庄内町２４５８番地１
三重県,鈴鹿市立庄内小学校グラウンド,鈴鹿市,東庄内町２４５８番地１
三重県,三重県立石薬師高等学校体育館,鈴鹿市,石薬師町４５２番地
三重県,三重県立石薬師高等学校グラウンド,鈴鹿市,石薬師町４５２番地
三重県,三重県立白子高等学校体育館,鈴鹿市,白子四丁目１７番１号
三重県,三重県立白子高等学校グラウンド,鈴鹿市,白子四丁目１７番１号
三重県,鈴鹿工業高等専門学校第一体育館,鈴鹿市,白子町
三重県,鈴鹿工業高等専門学校第二体育館,鈴鹿市,白子町
三重県,三重県立稲生高等学校体育館,鈴鹿市,稲生町８２３２番地１
三重県,三重県立稲生高等学校グラウンド,鈴鹿市,稲生町８２３２番地１
三重県,三重県立飯野高等学校体育館,鈴鹿市,三日市町１６９５番地
三重県,三重県立飯野高等学校グラウンド,鈴鹿市,三日市町１６９５番地
三重県,三重県立神戸高等学校体育館,鈴鹿市,神戸四丁目１番８０号
三重県,三重県立神戸高等学校グラウンド,鈴鹿市,神戸四丁目１番８０号
三重県,名張市立名張小学校　校舎,名張市,丸之内５５
三重県,名張市立名張小学校　体育館,名張市,丸之内５５
三重県,名張市立名張小学校　グラウンド,名張市,丸之内５５
三重県,名張市立蔵持小学校　校舎,名張市,蔵持町原出３３８
三重県,名張市立蔵持小学校　校舎,名張市,蔵持町原出３３８
三重県,名張市立蔵持小学校　体育館,名張市,蔵持町原出３３８
三重県,名張市立蔵持小学校　グラウンド,名張市,蔵持町原出３３８
三重県,名張市立梅が丘小学校　校舎,名張市,梅が丘北１番町３４０番地
三重県,名張市立梅が丘小学校　体育館,名張市,梅が丘北１番町３４０番地
三重県,名張市立梅が丘小学校　グラウンド,名張市,梅が丘北１番町３４０番地
三重県,名張市立美旗小学校　校舎,名張市,新田１１７番地の２
三重県,名張市立美旗小学校　校舎,名張市,新田１１７番地の２
三重県,名張市立美旗小学校　体育館,名張市,新田１１７番地の２
三重県,名張市立美旗小学校　グラウンド,名張市,新田１１７番地の２
三重県,名張市立比奈知小学校　校舎,名張市,下比奈知１４２２
三重県,名張市立比奈知小学校　体育館,名張市,下比奈知１４２２
三重県,名張市立比奈知小学校　グラウンド,名張市,下比奈知１４２２
三重県,滝之原体育館,名張市,滝之原１０５０
三重県,滝之原運動場,名張市,滝之原１０５０
三重県,名張市立すずらん台小学校　校舎,名張市,すずらん台東３番町２１９番地
三重県,名張市立すずらん台小学校　体育館,名張市,すずらん台東３番町２１９番地
三重県,名張市立すずらん台小学校　グラウンド,名張市,すずらん台東３番町２１９番地
三重県,名張市立錦生赤目小学校　校舎,名張市,赤目町檀１１６
三重県,名張市立錦生赤目小学校　体育館,名張市,赤目町檀１１６
三重県,名張市立錦生赤目小学校　グラウンド,名張市,赤目町檀１１６
三重県,名張市立箕曲小学校　校舎,名張市,夏見３５１
三重県,名張市立箕曲小学校　体育館,名張市,夏見３５１
三重県,名張市立箕曲小学校　グラウンド,名張市,夏見３５１
三重県,名張市立百合が丘小学校　校舎,名張市,百合が丘東９番町１番地
三重県,名張市立百合が丘小学校　体育館,名張市,百合が丘東９番町１番地
三重県,名張市立百合が丘小学校　グラウンド,名張市,百合が丘東９番町１番地
三重県,国津体育館,名張市,神屋１８６６
三重県,国津運動場,名張市,神屋１８６６
三重県,長瀬体育館,名張市,長瀬１４１８
三重県,名張市立桔梗が丘小学校　校舎,名張市,桔梗が丘３番町２街区６７番地
三重県,名張市立桔梗が丘小学校　校舎,名張市,桔梗が丘３番町２街区６７番地
三重県,名張市立桔梗が丘小学校　校舎,名張市,桔梗が丘３番町２街区６７番地
三重県,名張市立桔梗が丘小学校　体育館,名張市,桔梗が丘３番町２街区６７番地
三重県,名張市立桔梗が丘小学校　グラウンド,名張市,桔梗が丘３番町２街区６７番地
三重県,名張市立桔梗が丘東小学校　校舎,名張市,桔梗が丘７番町１街区８６番地
三重県,名張市立桔梗が丘東小学校　校舎,名張市,桔梗が丘７番町１街区８６番地
三重県,名張市立桔梗が丘東小学校　体育館,名張市,桔梗が丘７番町１街区８６番地
三重県,名張市立桔梗が丘東小学校　グラウンド,名張市,桔梗が丘７番町１街区８６番地
三重県,名張市立桔梗が丘南小学校　校舎,名張市,桔梗が丘５番町１２街区３８番地
三重県,名張市立桔梗が丘南小学校　校舎,名張市,桔梗が丘５番町１２街区３８番地
三重県,名張市立桔梗が丘南小学校　体育館,名張市,桔梗が丘５番町１２街区３８番地
三重県,名張市立桔梗が丘南小学校　グラウンド,名張市,桔梗が丘５番町１２街区３８番地
三重県,名張市立つつじが丘小学校　校舎,名張市,つつじが丘北３番町５番地
三重県,名張市立つつじが丘小学校　校舎,名張市,つつじが丘北３番町５番地
三重県,名張市立つつじが丘小学校　体育館,名張市,つつじが丘北３番町５番地
三重県,名張市立つつじが丘小学校　グラウンド,名張市,つつじが丘北３番町５番地
三重県,名張市立薦原小学校　校舎,名張市,薦生１５９５
三重県,名張市立薦原小学校　校舎,名張市,薦生１５９５
三重県,名張市立薦原小学校　体育館,名張市,薦生１５９５
三重県,名張市立薦原小学校　グラウンド,名張市,薦生１５９５
三重県,錦生体育館,名張市,安部田２２７０
三重県,錦生運動場,名張市,安部田２２７０
三重県,名張市立名張中学校　校舎,名張市,丸之内１５
三重県,名張市立名張中学校　校舎,名張市,丸之内１５
三重県,名張市立名張中学校　体育館,名張市,丸之内１５
三重県,名張市立名張中学校　グラウンド,名張市,丸之内１５
三重県,名張市立北中学校　校舎,名張市,美旗中村２３８０
三重県,名張市立北中学校　体育館,名張市,美旗中村２３８０
三重県,名張市立北中学校　体育館,名張市,美旗中村２３８０
三重県,名張市立北中学校　グラウンド,名張市,美旗中村２３８０
三重県,名張市立赤目中学校　校舎,名張市,箕曲中村２１９
三重県,名張市立赤目中学校　校舎,名張市,箕曲中村２１９
三重県,名張市立赤目中学校　校舎,名張市,箕曲中村２１９
三重県,名張市立赤目中学校　体育館,名張市,箕曲中村２１９
三重県,名張市立赤目中学校　体育館,名張市,箕曲中村２１９
三重県,名張市立赤目中学校　グラウンド,名張市,箕曲中村２１９
三重県,名張市立桔梗が丘中学校　校舎,名張市,桔梗が丘１番町５街区１３番地
三重県,名張市立桔梗が丘中学校　体育館,名張市,桔梗が丘１番町５街区１３番地
三重県,名張市立桔梗が丘中学校　体育館,名張市,桔梗が丘１番町５街区１３番地
三重県,名張市立桔梗が丘中学校　グラウンド,名張市,桔梗が丘１番町５街区１３番地
三重県,名張市立南中学校　校舎,名張市,つつじが丘南１番町２４１番地
三重県,名張市立南中学校　校舎,名張市,つつじが丘南１番町２４１番地
三重県,名張市立南中学校　体育館,名張市,つつじが丘南１番町２４１番地
三重県,名張市立南中学校　体育館,名張市,つつじが丘南１番町２４１番地
三重県,名張市立南中学校　グラウンド,名張市,つつじが丘南１番町２４１番地
三重県,名張市一ノ井市民センター,名張市,赤目町一ノ井８２６番地の２
三重県,名張市保健センター,名張市,朝日町１３６１－４
三重県,名張市民センター,名張市,上八町１３２１番地の１
三重県,蔵持市民センター,名張市,蔵持町原出３１４番地の３
三重県,名張市武道交流館 いきいき,名張市,蔵持町里2928
三重県,梅が丘市民センター,名張市,梅が丘南５番町１８４番地
三重県,美旗市民センター,名張市,美旗町南西原２２９番地の３
三重県,箕曲市民センター,名張市,夏見２１５
三重県,百合が丘市民センター,名張市,百合が丘西５番町１３番地
三重県,桔梗が丘市民センター,名張市,桔梗が丘６番町１街区１３１番地の４
三重県,桔梗が丘南市民センター,名張市,桔梗が丘５番町１２街区１０番地
三重県,こども支援センター　かがやき,名張市,桔梗が丘西3番町3街区107
三重県,つつじが丘市民センター,名張市,つつじが丘北５番町７３番地の２
三重県,薦原市民センター,名張市,薦生１６０７
三重県,名張市勤労者福祉会館,名張市,夏見２８１２
三重県,三重県立名張高等学校　体育館,名張市,東町２０６７番地２
三重県,三重県立名張高等学校　グラウンド,名張市,東町２０６７番地２
三重県,三重県立名張青峰高等学校　体育館,名張市,百合が丘東６番地１
三重県,三重県立名張青峰高等学校　グラウンド,名張市,百合が丘東６番地１
三重県,旧　三重県立名張桔梗丘高等学校体育館,名張市,桔梗が丘７番町１街区１９２６番地１
三重県,旧　三重県立名張桔梗丘高等学校体育館,名張市,桔梗が丘７番町１街区１９２６番地１
三重県,旧　三重県立名張桔梗丘高等学校グラウンド,名張市,桔梗が丘７番町１街区１９２６番地１
三重県,三重県立伊賀つばさ学園　体育館,名張市,美旗町南西原２２９番地２
三重県,三重県立伊賀つばさ学園　グラウンド,名張市,美旗町南西原２２９番地２
三重県,名張市市民情報交流センター,名張市,希央台５番町１９番地
三重県,比奈知市民センター,名張市,下比奈知１７６８
三重県,すずらん台市民センター,名張市,すずらん台東３番町２２０
三重県,錦生市民センター,名張市,安部田２１１８
三重県,赤目市民センター,名張市,赤目町丈六２３８番地１
三重県,くにつふるさと館,名張市,神屋８１４番地４
三重県,名張市総合体育館・ＨＯＳアリーナ,名張市,夏見２８１２
三重県,春日丘自治会館,名張市,春日丘４番町９５番地１、９５番地２
三重県,天満集会所,尾鷲市,大字天満浦１９８番地２
三重県,北浦児童公園,尾鷲市,北浦町１３８８番地の６
三重県,北浦町会館,尾鷲市,北浦町２番２４号
三重県,尾鷲市立宮之上小学校校舎,尾鷲市,宮ノ上町６番４８号
三重県,尾鷲市立宮之上小学校体育館,尾鷲市,宮ノ上町６番４８号
三重県,尾鷲市民文化会館,尾鷲市,瀬木山町７番１号
三重県,尾鷲市立尾鷲小学校校舎１,尾鷲市,中村町４番５８号
三重県,尾鷲市立尾鷲小学校校舎２,尾鷲市,中村町４番５８号
三重県,尾鷲市立尾鷲小学校体育館,尾鷲市,中村町４番５８号
三重県,尾鷲市立尾鷲小学校校舎３,尾鷲市,中村町４番５８号
三重県,尾鷲市立尾鷲小学校校舎４,尾鷲市,中村町４番５８号
三重県,中村山公園,尾鷲市,中村町６４７番地１
三重県,尾鷲市中央公民館,尾鷲市,中村町１０番４１号
三重県,尾鷲市体育文化会館,尾鷲市,中村町１０番５０号
三重県,野地町駅前児童公園,尾鷲市,野地町５８９番地１８
三重県,尾鷲市福祉保健センター,尾鷲市,栄町５番５号
三重県,尾鷲市立運動場,尾鷲市,中川２８番
三重県,尾鷲市立矢浜小学校校舎,尾鷲市,矢浜２丁目３番５２号
三重県,尾鷲市立矢浜小学校体育館,尾鷲市,矢浜２丁目３番５２号
三重県,矢浜コミュニティーセンター,尾鷲市,矢浜１丁目２２番１２号
三重県,尾鷲市立尾鷲中学校校舎１,尾鷲市,矢浜２丁目１６番７号
三重県,尾鷲市立尾鷲中学校校舎２,尾鷲市,矢浜２丁目１６番７号
三重県,尾鷲市立尾鷲中学校校舎３,尾鷲市,矢浜２丁目１６番７号
三重県,尾鷲市立尾鷲中学校校舎４,尾鷲市,矢浜２丁目１６番７号
三重県,尾鷲市立尾鷲中学校体育館,尾鷲市,矢浜２丁目１６番７号
三重県,向井コミュニティーセンター,尾鷲市,大字向井３４９番の１
三重県,尾鷲市立向井小学校校舎,尾鷲市,向井１３４番１２
三重県,尾鷲市立向井小学校体育館,尾鷲市,向井１３４番１２
三重県,大曽根漁民集会場,尾鷲市,大字大曽根浦８２番地
三重県,行野児童公園,尾鷲市,大字行野浦１８８番地１２
三重県,行野コミュニティーセンター,尾鷲市,大字行野浦１２２番地４
三重県,元尾鷲市立須賀利中学校グラウンド,尾鷲市,須賀利町３８７番地
三重県,元尾鷲市立須賀利小学校校舎,尾鷲市,須賀利町１０７番地
三重県,元尾鷲市立須賀利小学校グラウンド,尾鷲市,須賀利町１０７番地
三重県,元尾鷲市立須賀利小学校体育館,尾鷲市,須賀利町２８５番１号
三重県,須賀利センター（須賀利コミュニティーセンター）,尾鷲市,須賀利町１７６番地
三重県,元尾鷲市立九鬼小学校校舎,尾鷲市,九鬼町３７４番１号
三重県,元尾鷲市立九鬼小学校体育館,尾鷲市,九鬼町３７４番１号
三重県,元尾鷲市立九鬼中学校校舎,尾鷲市,九鬼町１１７３番地
三重県,元尾鷲市立九鬼中学校体育館,尾鷲市,九鬼町１１７３番地
三重県,早田コミュニティーセンター,尾鷲市,早田町２５番地
三重県,三木浦児童公園,尾鷲市,三木浦町４３９番地２
三重県,尾鷲市立三木小学校校舎,尾鷲市,三木浦町３９１番地
三重県,尾鷲市立三木小学校体育館,尾鷲市,三木浦町３９１番地
三重県,旧尾鷲市立北輪内中学校,尾鷲市,三木里町２０５番地
三重県,北輪内センター（三木里コミュニティーセンター）,尾鷲市,三木里町２７５番地４３
三重県,尾鷲市立三木里小学校校舎,尾鷲市,三木里町６３８番地
三重県,尾鷲市立三木里小学校体育館,尾鷲市,三木里町６３８番地
三重県,モクモクしお学舎,尾鷲市,古江町１９２番地
三重県,古江コミュニティーセンター,尾鷲市,古江町６３７番地の２２
三重県,尾鷲市立賀田小学校校舎,尾鷲市,賀田町３１９番地
三重県,尾鷲市立賀田小学校体育館,尾鷲市,賀田町３１９番地
三重県,賀田コミュニティーセンター,尾鷲市,賀田町１６６１番地
三重県,尾鷲市立輪内中学校校舎１,尾鷲市,賀田町５７２番地
三重県,尾鷲市立輪内中学校校舎２,尾鷲市,賀田町５７２番地
三重県,尾鷲市立輪内中学校体育館,尾鷲市,賀田町５７２番地
三重県,南輪内保育園グラウンド,尾鷲市,賀田町３１３番地５
三重県,旧飛鳥幼稚園校舎,尾鷲市,賀田町６０６番地１
三重県,旧飛鳥幼稚園グラウンド,尾鷲市,賀田町６０６番地１
三重県,曽根コミュニティーセンター,尾鷲市,曽根町６０６番地１
三重県,南輪内保育園,尾鷲市,賀田町３１３番５号
三重県,輪内高齢者サービスセンター,尾鷲市,曽根町６０６番地１
三重県,元尾鷲市立梶賀小学校グラウンド,尾鷲市,梶賀町３３３番地
三重県,梶賀コミュニティーセンター　はらそ,尾鷲市,梶賀町３１３番地
三重県,三重県尾鷲庁舎,尾鷲市,坂場西町１番１号
三重県,三重県立尾鷲高等学校,尾鷲市,古戸野町３番１２号
三重県,三重県立特別支援学校東紀州くろしお学園おわせ分校,尾鷲市,光ヶ丘町２８番６１号
三重県,九鬼センター（九鬼コミュニティーセンター）,尾鷲市,九鬼町２５５番地
三重県,亀山市立第二愛護園,亀山市,本町四丁目８番地２５号
三重県,亀山市立亀山東幼稚園,亀山市,本町一丁目９番地１７号
三重県,亀山市立亀山幼稚園,亀山市,江ケ室一丁目２番地１０号
三重県,亀山市職員会館,亀山市,本丸町５７７番地
三重県,亀山児童センター,亀山市,東御幸町６９番地５
三重県,亀山市立亀山中学校,亀山市,西丸町５６４番地
三重県,亀山市立第一愛護園,亀山市,南崎町７５１番地
三重県,亀山市総合保健福祉センター,亀山市,羽若町５４５番地
三重県,亀山市立みなみ保育園,亀山市,天神三丁目２番地３３
三重県,亀山市立昼生保育園,亀山市,中庄町６９５番地３
三重県,亀山勤労文化会館,亀山市,和田町１４８８番地１１５
三重県,亀山市立和田保育園,亀山市,和田町１４８８番地１６８
三重県,亀山市立井田川幼稚園,亀山市,みどり町５３番地１
三重県,亀山市立みずほ台幼稚園,亀山市,みずほ台１４番地２９５
三重県,亀山市立川崎南保育園,亀山市,長明寺町２５０番地２
三重県,亀山市立神辺保育園,亀山市,太岡寺町１２５９番地２
三重県,亀山市立関小学校,亀山市,関町木崎１４１６番地
三重県,亀山市関文化交流センター,亀山市,関町泉ヶ丘１０１１番地１
三重県,亀山市老人福祉関センター,亀山市,関町木崎９１２番地１
三重県,亀山市関町北部ふれあい交流センター,亀山市,関町会下１２６５番地２０
三重県,亀山市立関認定こども園アスレ,亀山市,関町木崎７８６番地
三重県,亀山市立亀山東小学校,亀山市,本町一丁目９番地９
三重県,亀山市立亀山西小学校,亀山市,本丸町５８５番地
三重県,亀山市西野公園,亀山市,野村二丁目５番地１号
三重県,亀山市立亀山南小学校,亀山市,天神三丁目１０番地２５号
三重県,亀山市立昼生小学校,亀山市,中庄町１４０５
三重県,亀山市西野公園体育館,亀山市,野村二丁目５番地１
三重県,亀山市東野公園体育館,亀山市,川合町１２８６番地４９
三重県,亀山市立井田川小学校,亀山市,みどり町５２番地
三重県,亀山市立中部中学校,亀山市,田村町７５番地
三重県,亀山市立川崎小学校,亀山市,能褒野町７７番地２２
三重県,亀山市立野登小学校,亀山市,両尾町２１２４番地
三重県,亀山市立白川小学校,亀山市,白木町２７３９番地
三重県,亀山市立神辺小学校,亀山市,太岡寺町１３１０番地
三重県,亀山市立関中学校,亀山市,関町新所１８６３番地
三重県,亀山市立加太小学校,亀山市,加太板屋４５６９番地
三重県,亀山市鈴鹿馬子唄会館,亀山市,関町沓掛２３４番地
三重県,亀山市東野公園,亀山市,川合町１２８６番地４９
三重県,亀山公園,亀山市,若山町４番地７
三重県,関Ｂ＆Ｇ海洋センター,亀山市,関町新所８番地
三重県,亀山市関総合スポーツ公園多目的グラウンド,亀山市,関町新所８番地
三重県,旧鳥羽市立小浜小学校校舎,鳥羽市,小浜町９７番地
三重県,旧鳥羽市立小浜小学校グラウンド,鳥羽市,小浜町９７番地
三重県,鳥羽市立鳥羽小学校校舎,鳥羽市,堅神町８０５番地２
三重県,鳥羽市立鳥羽小学校グラウンド,鳥羽市,堅神町８０５番地２
三重県,鳥羽市立鳥羽小学校体育館,鳥羽市,堅神町８０５番地２
三重県,鳥羽市民文化会館,鳥羽市,鳥羽三丁目８番３号
三重県,鳥羽市立安楽島小学校校舎,鳥羽市,安楽島町３７７番地
三重県,鳥羽市立安楽島小学校グラウンド,鳥羽市,安楽島町３７７番地
三重県,鳥羽市立安楽島小学校体育館,鳥羽市,安楽島町３７７番地
三重県,鳥羽市立鳥羽東中学校校舎,鳥羽市,安楽島町１４５１番地１９
三重県,鳥羽市立鳥羽東中学校グラウンド,鳥羽市,安楽島町１４５１番地１９
三重県,鳥羽市立鳥羽東中学校体育館,鳥羽市,安楽島町１４５１番地１９
三重県,鳥羽市立加茂小学校校舎,鳥羽市,岩倉町２７番地１
三重県,鳥羽市立加茂小学校グラウンド,鳥羽市,岩倉町２７番地１
三重県,鳥羽市立加茂小学校体育館,鳥羽市,岩倉町２７番地１
三重県,鳥羽市立加茂中学校校舎,鳥羽市,岩倉町１０５番地
三重県,鳥羽市立加茂中学校グラウンド,鳥羽市,岩倉町１０５番地
三重県,鳥羽市立加茂中学校体育館,鳥羽市,岩倉町１０５番地
三重県,鳥羽市立鏡浦小学校校舎,鳥羽市,浦村町１７４４番地１
三重県,鳥羽市立鏡浦小学校グラウンド,鳥羽市,浦村町１７４４番地１
三重県,鳥羽市立鏡浦小学校体育館,鳥羽市,浦村町１７４４番地１
三重県,鳥羽市立鏡浦小学校グラウンド,鳥羽市,浦村町１７４４番地１
三重県,鳥羽市立弘道小学校校舎,鳥羽市,相差町１０１４番地
三重県,鳥羽市立弘道小学校グラウンド,鳥羽市,相差町１０１４番地
三重県,鳥羽市立弘道小学校体育館,鳥羽市,相差町１０１４番地
三重県,鳥羽市立相差保育所校舎,鳥羽市,国崎町１４０番地
三重県,鳥羽市立相差保育所グラウンド,鳥羽市,国崎町１４０番地
三重県,鳥羽市立長岡中学校校舎,鳥羽市,相差町１９１０番地
三重県,鳥羽市立長岡中学校グラウンド,鳥羽市,相差町１９１０番地
三重県,鳥羽市立長岡中学校体育館,鳥羽市,相差町１９１０番地
三重県,鳥羽市立菅島小学校校舎,鳥羽市,菅島町１番地２
三重県,鳥羽市立菅島小学校グラウンド,鳥羽市,菅島町１番地２
三重県,菅島コミュニティアリーナ,鳥羽市,菅島町１番地２
三重県,旧鳥羽市立桃取小学校校舎,鳥羽市,桃取町２１番地２
三重県,旧鳥羽市立桃取小学校グラウンド,鳥羽市,桃取町２１番地２
三重県,桃取コミュニティアリーナ,鳥羽市,桃取町２１番地２
三重県,鳥羽市立答志小学校校舎,鳥羽市,答志町９４１番地１
三重県,鳥羽市立答志小学校グラウンド,鳥羽市,答志町９４１番地１
三重県,鳥羽市立答志中学校校舎,鳥羽市,答志町２２２０番地５
三重県,鳥羽市立答志中学校グラウンド,鳥羽市,答志町２２２０番地５
三重県,鳥羽市立答志中学校体育館,鳥羽市,答志町２２２０番地５
三重県,答志コミュニティアリーナ,鳥羽市,答志町９４１番地１
三重県,旧鳥羽市立坂手小学校校舎,鳥羽市,坂手町９３５番地
三重県,旧鳥羽市立坂手小学校グラウンド,鳥羽市,坂手町９３５番地
三重県,坂手コミュニティアリーナ,鳥羽市,坂手町９３５番地
三重県,神島開発総合センター,鳥羽市,神島町８５番地２
三重県,鳥羽市立神島小・中学校校舎,鳥羽市,神島町３５８番地３
三重県,鳥羽市立神島小・中学校グラウンド,鳥羽市,神島町３５８番地３
三重県,鳥羽市立神島小・中学校体育館,鳥羽市,神島町３５８番地３
三重県,三重県立鳥羽高等学校体育館,鳥羽市,安楽島町１４５９番地
三重県,三重県立鳥羽高等学校グラウンド,鳥羽市,安楽島町１４５９番地
三重県,鳥羽１丁目地下道（国道42号）,鳥羽市,鳥羽１丁目
三重県,旧甫母分校屋内運動場,熊野市,甫母町３６４番地
三重県,旧甫母分校グラウンド,熊野市,甫母町３６４番地
三重県,旧熊野市荒坂中学校屋内運動場,熊野市,二木島町４３２番地
三重県,旧熊野市立荒坂中学校グラウンド,熊野市,二木島町４３２番地
三重県,旧熊野市立遊木小学校屋内運動場,熊野市,遊木町１０８番地
三重県,旧熊野市立遊木小学校グラウンド,熊野市,遊木町１０８番地
三重県,熊野市立新鹿小中学校屋内運動場,熊野市,新鹿町９１６番地４
三重県,熊野市立新鹿小中学校グラウンド,熊野市,新鹿町９１６番地４
三重県,泊高齢者福祉拠点施設（旧泊保育所）,熊野市,磯崎町８５４番地
三重県,熊野市立木本小学校屋内運動場,熊野市,木本町３４９番地１０
三重県,熊野市立木本小学校グラウンド,熊野市,木本町３４９番地１０
三重県,熊野市立井戸小学校屋内運動場,熊野市,井戸町２３８番地
三重県,熊野市立井戸小学校グラウンド,熊野市,井戸町２３８番地
三重県,熊野市立木本中学校屋内運動場,熊野市,井戸町４８７７番地１
三重県,熊野市立木本中学校グラウンド,熊野市,井戸町４８７７番地１
三重県,熊野市保健福祉センター,熊野市,井戸町１１５０番地
三重県,熊野市立有馬小学校屋内運動場,熊野市,有馬町５３０番地
三重県,熊野市立有馬小学校グラウンド,熊野市,有馬町５３０番地
三重県,熊野市立有馬中学校屋内運動場,熊野市,有馬町１３９８番地
三重県,熊野市立有馬中学校グラウンド,熊野市,有馬町１３９８番地
三重県,熊野市立金山小学校屋内運動場,熊野市,金山町２３７０番地２
三重県,熊野市立金山小学校グラウンド,熊野市,金山町２３７０番地２
三重県,熊野市立飛鳥中学校屋内運動場,熊野市,飛鳥町小阪４９９番地
三重県,熊野市立飛鳥中学校グラウンド,熊野市,飛鳥町小阪４９９番地
三重県,熊野市立飛鳥小学校屋内運動場,熊野市,飛鳥町野口３７５番地
三重県,熊野市立飛鳥小学校グラウンド,熊野市,飛鳥町野口３７５番地
三重県,熊野市立五郷中学校屋内運動場,熊野市,五郷町桃崎１６９８番地１
三重県,熊野市立五郷中学校グラウンド,熊野市,五郷町桃崎１６９８番地１
三重県,熊野市立神上小・中学校屋内運動場,熊野市,神川町神上６３番地
三重県,熊野市立神上小・中学校グラウンド,熊野市,神川町神上６３番地
三重県,旧熊野市立育生小学校屋内運動場,熊野市,育生町尾川４１番地
三重県,旧熊野市立育生小学校グラウンド,熊野市,育生町尾川４１番地
三重県,熊野市紀和コミュニティセンター,熊野市,紀和町板屋８２番地
三重県,上川生活改善センター,熊野市,紀和町和気７０９番地
三重県,いなべ市立北勢中学校体育館,いなべ市,北勢町阿下喜2480番地
三重県,いなべ市立北勢中学校グラウンド,いなべ市,北勢町阿下喜2480番地
三重県,いなべ市立十社小学校体育館,いなべ市,北勢町畑毛634番地
三重県,いなべ市立十社小学校グラウンド,いなべ市,北勢町畑毛634番地
三重県,いなべ市立治田小学校体育館,いなべ市,北勢町東村30番地1
三重県,いなべ市立治田小学校グラウンド,いなべ市,北勢町東村30番地1
三重県,いなべ市立山郷小学校体育館,いなべ市,北勢町大辻新田276番地
三重県,いなべ市立山郷小学校グラウンド,いなべ市,北勢町大辻新田276番地
三重県,いなべ市立員弁中学校体育館,いなべ市,員弁町大泉新田1739番地
三重県,いなべ市立員弁中学校グラウンド,いなべ市,員弁町大泉新田1739番地
三重県,いなべ市立員弁東小学校体育館,いなべ市,員弁町大泉1201番地
三重県,いなべ市立員弁東小学校グラウンド,いなべ市,員弁町大泉1201番地
三重県,いなべ市員弁運動公園体育館,いなべ市,員弁町楚原936番地
三重県,いなべ市員弁運動公園運動場,いなべ市,員弁町楚原936番地
三重県,いなべ市立大安中学校体育館,いなべ市,大安町石榑東2977番地
三重県,いなべ市立大安中学校運動場,いなべ市,大安町石榑東2977番地
三重県,いなべ市立石榑小学校体育館,いなべ市,大安町石榑南611番地
三重県,いなべ市立石榑小学校運動場,いなべ市,大安町石榑南611番地
三重県,いなべ市立丹生川小学校体育館,いなべ市,大安町丹生川中1189番地
三重県,いなべ市立丹生川小学校運動場,いなべ市,大安町丹生川中1189番地
三重県,いなべ市立三里小学校体育館,いなべ市,大安町平塚1247番地
三重県,いなべ市立三里小学校運動場,いなべ市,大安町平塚1247番地
三重県,いなべ市立笠間小学校体育館,いなべ市,大安町門前561番地
三重県,いなべ市立笠間小学校運動場,いなべ市,大安町門前561番地
三重県,いなべ市藤原文化センター,いなべ市,藤原町市場493番地1
三重県,いなべ市藤原運動場,いなべ市,藤原町市場493番地1
三重県,いなべ市立藤原中学校体育館,いなべ市,藤原町市場491番地
三重県,いなべ市立藤原中学校運動場,いなべ市,藤原町市場491番地
三重県,いなべ市立東藤原小学校体育館,いなべ市,藤原町石川989番地
三重県,いなべ市立東藤原小学校運動場,いなべ市,藤原町石川989番地
三重県,いなべ市立中里小学校体育館,いなべ市,藤原町上相場828番地
三重県,いなべ市立中里小学校運動場,いなべ市,藤原町上相場828番地
三重県,いなべ市立員弁西小学校体育館,いなべ市,員弁町笠田新田607番地
三重県,いなべ市立員弁西小学校運動場,いなべ市,員弁町笠田新田607番地
三重県,農業公園梅林公園直売所,いなべ市,藤原町鼎342番地
三重県,ふじわら高齢者生活支援センターいこい,いなべ市,藤原町川合790番地
三重県,いなべ市立ふじわら保育園,いなべ市,藤原町川合770番地
三重県,久下地下道（国道365号）,いなべ市,大安町丹生川久下
三重県,志摩市浜島生涯学習センター,志摩市,浜島町浜島７５５番地
三重県,志摩市立浜島幼保園,志摩市,浜島町浜島７０９番地
三重県,志摩市立浜島中学校体育館,志摩市,浜島町塩屋６０４番地５
三重県,志摩市迫塩社会体育館,志摩市,浜島町迫子４９７番地
三重県,志摩市桧山路生涯学習センター,志摩市,浜島町桧山路９６番地２
三重県,志摩市立大王小学校体育館,志摩市,大王町波切８７７番地３
三重県,志摩市大王公民館〔波切公民館）,志摩市,大王町波切３９０２番地２
三重県,志摩市大王柔剣道場,志摩市,大王町波切４７７番地２
三重県,志摩市ともやま公園野外活動センター,志摩市,大王町波切２１９９番地
三重県,志摩市立大王中学校,志摩市,大王町波切１５０６番地２
三重県,志摩市船越社会体育館,志摩市,大王町船越１８０５番地
三重県,志摩市立旧船越中学校体育館,志摩市,大王町船越１９０３番地
三重県,畔名地区防災施設,志摩市,大王町畔名１００４番地
三重県,志摩市名田地区公民館,志摩市,大王町名田１７９番地
三重県,志摩市間崎地区防災施設,志摩市,志摩町和具４３５４番地１
三重県,志摩市志摩文化会館,志摩市,志摩町和具５３５番地
三重県,志摩市立志摩中学校体育館,志摩市,志摩町和具３０３番地
三重県,志摩市片田共同福祉施設,志摩市,志摩町片田２３４４番地２
三重県,志摩市片田社会体育館,志摩市,志摩町片田２３９１番地１
三重県,志摩市立旧布施田小学校体育館,志摩市,志摩町布施田１０１６番地５
三重県,志摩市立旧越賀小学校体育館,志摩市,志摩町越賀１５７２番地
三重県,志摩市立旧御座小学校体育館,志摩市,志摩町御座６３０番地
三重県,志摩市御座コミュニティセンター,志摩市,志摩町御座７０１番地１
三重県,志摩市鵜方児童館,志摩市,阿児町鵜方１４０４番地３
三重県,志摩市阿児神杣多目的集会所,志摩市,阿児町鵜方２６８２番地３９３
三重県,志摩市鵜方公民館（志摩市中央公民館）,志摩市,阿児町鵜方１９７５番地
三重県,志摩市立鵜方小学校体育館,志摩市,阿児町鵜方１７７５番地
三重県,志摩市阿児アリーナ,志摩市,阿児町神明１０７４番地１４
三重県,志摩市うらじろ集会所,志摩市,阿児町神明１１４１番地３
三重県,志摩市立神明小学校体育館,志摩市,阿児町神明５２２番地１
三重県,志摩市立神ふれあいセンター,志摩市,阿児町立神２０５６番地
三重県,志摩市立志島小学校体育館,志摩市,阿児町志島５３２番地
三重県,志摩市志島地区公民館,志摩市,阿児町志島９４番地
三重県,志摩市立東海中学校体育館,志摩市,阿児町甲賀２０８８番地１
三重県,志摩市立旧安乗中学校体育館,志摩市,阿児町国府３７０５番地２
三重県,志摩市立安乗保育所,志摩市,阿児町安乗６２９番地１
三重県,志摩市安乗漁民センター,志摩市,阿児町安乗１０７０番地
三重県,志摩市山田集会所,志摩市,磯部町山田３１３番地６
三重県,志摩市磯部ふれあい公園総合体育館,志摩市,磯部町恵利原５５７番地１
三重県,志摩市立磯部中学校体育館,志摩市,磯部町恵利原１３００番地
三重県,志摩市山原集会所,志摩市,磯部町山原２４０番地
三重県,志摩市成基社会体育館,志摩市,磯部町山原７８５番地
三重県,志摩市立ひのでが丘保育所,志摩市,磯部町坂崎１５１７番地
三重県,志摩市渡鹿野島コミュニティ公園,志摩市,磯部町渡鹿野３７０番地４
三重県,志摩市旧的矢小・中学校体育館,志摩市,磯部町的矢８４０番地
三重県,志摩市梶防集会所,志摩市,磯部町迫間１６６９番地１
三重県,志摩市立浜島小学校体育館,志摩市,浜島町浜島１１１２番地
三重県,志摩市迫間文化会館,志摩市,磯部町迫間５２６番地１
三重県,志摩市立鵜方保育所,志摩市,阿児町鵜方237番地
三重県,志摩市立磯部幼保園・磯部子育て支援センター,志摩市,磯部町恵利原1275番地
三重県,伊賀市立府中小学校校舎,伊賀市,東条８８
三重県,伊賀市立府中小学校屋内運動場,伊賀市,東条８８
三重県,伊賀市立府中小学校運動場,伊賀市,東条８８
三重県,伊賀市立城東中学校校舎,伊賀市,印代４５０
三重県,伊賀市立城東中学校運動場,伊賀市,印代４５０
三重県,伊賀市立城東中学校屋内運動場,伊賀市,印代４５０
三重県,旧伊賀市立丸柱小学校校舎,伊賀市,諏訪８３９
三重県,旧伊賀市立丸柱小学校屋内運動場,伊賀市,諏訪８３９
三重県,旧伊賀市立丸柱小学校運動場,伊賀市,諏訪８３９
三重県,旧伊賀市立諏訪保育所園舎,伊賀市,諏訪４２２
三重県,諏訪地区市民センター,伊賀市,諏訪２４３８－３
三重県,伊賀市立三訪小学校校舎,伊賀市,三田１６５２
三重県,伊賀市立三訪小学校屋内運動場,伊賀市,三田１６５２
三重県,伊賀市立三訪小学校運動場,伊賀市,三田１６５２
三重県,旧伊賀市立諏訪保育所園庭,伊賀市,諏訪４２２
三重県,伊賀市立新居保育所園舎,伊賀市,西高倉４６４２番地１
三重県,伊賀市立長田小学校校舎,伊賀市,長田２３１２番地１
三重県,伊賀市立長田小学校屋内運動場,伊賀市,長田２３１２番地１
三重県,伊賀市立長田小学校運動場,伊賀市,長田２３１２番地１
三重県,伊賀市立成和西小学校校舎,伊賀市,大内６２４
三重県,伊賀市立成和西小学校屋内運動場,伊賀市,大内６２４
三重県,伊賀市立成和西小学校運動場,伊賀市,大内６２４
三重県,伊賀市立新居保育所園庭,伊賀市,西高倉４６４２番地１
三重県,伊賀市立依那古保育所園舎,伊賀市,市部１１番地１
三重県,伊賀市立依那古小学校校舎,伊賀市,沖２６５
三重県,伊賀市立依那古小学校屋内運動場,伊賀市,沖２６５
三重県,伊賀市立依那古小学校運動場,伊賀市,沖２６５
三重県,伊賀市立依那古保育所園庭,伊賀市,市部１１番地１
三重県,旧伊賀市立比自岐保育所園舎,伊賀市,比自岐７０６
三重県,旧伊賀市立丸山中学校校舎,伊賀市,才良８００
三重県,旧伊賀市立丸山中学校屋内運動場,伊賀市,才良８００
三重県,旧伊賀市立丸山中学校運動場,伊賀市,才良８００
三重県,伊賀市立神戸小学校校舎,伊賀市,上神戸４０
三重県,伊賀市立神戸小学校屋内運動場,伊賀市,上神戸４０
三重県,伊賀市立神戸小学校運動場,伊賀市,上神戸４０
三重県,旧伊賀市立比自岐保育所園庭,伊賀市,比自岐７０６
三重県,伊賀市立神戸保育所園舎,伊賀市,上神戸７６４番地３
三重県,旧伊賀市立成和中学校校舎,伊賀市,上之庄２７１１
三重県,旧伊賀市立成和中学校屋内運動場,伊賀市,上之庄２７１１
三重県,旧伊賀市立成和中学校運動場,伊賀市,上之庄２７１１
三重県,伊賀市立成和東小学校校舎,伊賀市,猪田１３５０
三重県,伊賀市立成和東小学校屋内運動場,伊賀市,猪田１３５０
三重県,伊賀市立成和東小学校運動場,伊賀市,猪田１３５０
三重県,伊賀市立神戸保育所園庭,伊賀市,上神戸７６４番地３
三重県,伊賀市立猪田保育所園舎,伊賀市,猪田１４７０番地1
三重県,伊賀市立猪田保育所園庭,伊賀市,猪田１４７０番地1
三重県,伊賀市立依那古第2保育所園舎,伊賀市,上郡５６番地１
三重県,伊賀市立中瀬小学校校舎,伊賀市,西明寺１０５
三重県,伊賀市立中瀬小学校屋内運動場,伊賀市,西明寺１０５
三重県,伊賀市立中瀬小学校運動場,伊賀市,西明寺１０５
三重県,伊賀市教育研究センター校舎,伊賀市,上友生７８５
三重県,伊賀市教育研究センター体育館,伊賀市,上友生７８５
三重県,伊賀市教育研究センターグラウンド,伊賀市,上友生７８５
三重県,伊賀市立緑ヶ丘中学校校舎,伊賀市,緑ヶ丘本町４１５３
三重県,伊賀市立緑ヶ丘中学校屋内運動場,伊賀市,緑ヶ丘本町４１５３
三重県,伊賀市立緑ヶ丘中学校運動場,伊賀市,緑ヶ丘本町４１５３
三重県,伊賀市立依那古第2保育所園庭,伊賀市,上郡５６番地１
三重県,伊賀市立しろなみ保育所園舎,伊賀市,久米町１０３番地１
三重県,学校法人白鳳幼稚園,伊賀市,上野伊予町１０６７番地１
三重県,学校法人白鳳幼稚園,伊賀市,上野伊予町１０６７番地３
三重県,伊賀市立崇広中学校校舎,伊賀市,上野丸之内７８
三重県,伊賀市立崇広中学校屋内運動場,伊賀市,上野丸之内７８
三重県,伊賀市立崇広中学校運動場,伊賀市,上野丸之内７８
三重県,旧伊賀市立花垣小学校校舎,伊賀市,予野９６６９
三重県,旧伊賀市立花垣小学校屋内運動場,伊賀市,予野９６６９
三重県,旧伊賀市立花垣小学校運動場,伊賀市,予野９６６９
三重県,伊賀市立しろなみ保育所園庭,伊賀市,久米町１０３番地１
三重県,三重県立ゆめドームうえの,伊賀市,ゆめが丘一丁目1番地３
三重県,旧伊賀市立古山小学校校舎,伊賀市,蔵縄手４４０番地１
三重県,旧伊賀市立古山小学校運動場,伊賀市,蔵縄手４４０番地１
三重県,旧伊賀市立古山小学校屋内運動場,伊賀市,蔵縄手４４０番地１
三重県,伊賀市立友生小学校校舎,伊賀市,ゆめが丘２丁目１１
三重県,伊賀市立友生小学校運動場,伊賀市,ゆめが丘２丁目１１
三重県,伊賀市立友生小学校屋内運動場,伊賀市,ゆめが丘２丁目１１
三重県,伊賀市立比自岐小学校校舎,伊賀市,比自岐５１２番地
三重県,伊賀市立比自岐小学校運動場,伊賀市,比自岐５１２番地
三重県,伊賀市立比自岐小学校屋内運動場,伊賀市,比自岐５１２番地
三重県,伊賀市立新居小学校校舎,伊賀市,西高倉３１４６番地
三重県,伊賀市立新居小学校屋内運動場,伊賀市,西高倉３１４６番地
三重県,伊賀市立新居小学校運動場,伊賀市,西高倉３１４６番地
三重県,伊賀市立上野東小学校校舎,伊賀市,緑ヶ丘中町４３５２
三重県,伊賀市立上野東小学校屋内運動場,伊賀市,緑ヶ丘中町４３５２
三重県,伊賀市立上野東小学校運動場,伊賀市,緑ヶ丘中町４３５２
三重県,伊賀市立上野西小学校校舎,伊賀市,上野丸之内１１２
三重県,三重県立伊賀白鳳高等学校体育館,伊賀市,緑ケ丘西町２２７０番地の１
三重県,三重県立伊賀白鳳高等学校運動場,伊賀市,緑ケ丘西町２２７０番地の１
三重県,伊賀市立上野西小学校屋内運動場,伊賀市,上野丸之内１１２
三重県,伊賀市立上野西小学校運動場,伊賀市,上野丸之内１１２
三重県,伊賀市立久米小学校校舎,伊賀市,久米町５４４番地
三重県,伊賀市立久米小学校屋内運動場,伊賀市,久米町５４４番地
三重県,伊賀市立久米小学校運動場,伊賀市,久米町５４４番地
三重県,旧伊賀市立柘植保育園園舎,伊賀市,柘植町２３５７番地１
三重県,伊賀市立柘植小学校校舎,伊賀市,柘植町２３４３
三重県,伊賀市立柘植小学校運動場,伊賀市,柘植町２３４３
三重県,伊賀市立柘植中学校屋内運動場,伊賀市,柘植町１８８１
三重県,伊賀市立柘植中学校運動場,伊賀市,柘植町１８８１
三重県,旧伊賀市立柘植保育園園庭,伊賀市,柘植町２３５７番地１
三重県,いがまち人権センター,伊賀市,柘植町８８９８
三重県,柘植老人憩いの家,伊賀市,柘植町８６８７番地１
三重県,伊賀市立柘植保育園園舎,伊賀市,拓植町１８８８番地
三重県,伊賀市立柘植保育園園庭,伊賀市,拓植町１８８８番地
三重県,いがまち保健福祉センター,伊賀市,愛田５１３
三重県,伊賀市立霊峰中学校屋内運動場,伊賀市,新堂１６０
三重県,伊賀市立霊峰中学校運動場,伊賀市,新堂１６０
三重県,伊賀市立西柘植小学校屋内運動場,伊賀市,新堂１６０
三重県,伊賀市立西柘植小学校運動場,伊賀市,新堂１６０
三重県,伊賀市立西柘植保育園園舎,伊賀市,新堂１１８番地１
三重県,伊賀市立西柘植保育園園庭,伊賀市,新堂１１８番地１
三重県,伊賀市立希望ヶ丘保育園園舎,伊賀市,希望ヶ丘西四丁目５番３０
三重県,伊賀市立壬生野小学校校舎,伊賀市,川東１７８６－３
三重県,伊賀市立壬生野小学校運動場,伊賀市,川東１７８６－３
三重県,伊賀市立希望ヶ丘保育園園庭,伊賀市,希望ヶ丘西四丁目５番３０
三重県,伊賀市立壬生野保育園園舎,伊賀市,川東２６５２
三重県,伊賀市立壬生野保育園園庭,伊賀市,川東２６５２
三重県,伊賀市立島ヶ原小・中学校校舎,伊賀市,島ヶ原５１４番地２
三重県,伊賀市立島ヶ原小・中学校屋内運動場,伊賀市,島ヶ原５１４番地２
三重県,伊賀市立島ヶ原小・中学校運動場,伊賀市,島ヶ原５１４番地２
三重県,旧伊賀市立鞆田小学校運動場,伊賀市,中友田１０００番地
三重県,旧伊賀市立鞆田小学校屋内運動場,伊賀市,中友田１０００番地
三重県,伊賀市立ともだ保育所園庭,伊賀市,中友田１３１１番地の１
三重県,伊賀市立ともだ保育所園舎,伊賀市,中友田１３１１番地の１
三重県,伊賀市立阿山小学校運動場,伊賀市,馬場１０４５番地
三重県,伊賀市立阿山小学校屋内運動場,伊賀市,馬場１０４５番地
三重県,伊賀市立あやま保育所園庭,伊賀市,馬場１０９０番地の２
三重県,伊賀市立あやま保育所園舎,伊賀市,馬場１０９０番地の２
三重県,阿山保健福祉センター,伊賀市,馬場１１２８番地の１
三重県,伊賀市立阿山中学校運動場,伊賀市,千貝１０番地
三重県,伊賀市立阿山中学校屋内運動場,伊賀市,千貝１０番地
三重県,伊賀市立玉滝小学校運動場,伊賀市,玉滝９５３６番地の２
三重県,伊賀市立玉滝小学校屋内運動場,伊賀市,玉滝９５３６番地の２
三重県,伊賀市立たまたき保育所園庭,伊賀市,玉滝９５３０番地の１
三重県,伊賀市立たまたき保育所園舎,伊賀市,玉滝９５３０番地の１
三重県,旧伊賀市立まるばしら保育所園庭,伊賀市,丸柱８３７番地
三重県,旧伊賀市立まるばしら保育所園舎,伊賀市,丸柱８３７番地
三重県,伊賀市立大山田中学校校舎,伊賀市,平田６５５番地
三重県,伊賀市立大山田中学校運動場,伊賀市,平田６５５番地
三重県,伊賀市立大山田中学校屋内運動場,伊賀市,平田６５５番地
三重県,伊賀市立大山田小学校校舎,伊賀市,平田２５番地
三重県,伊賀市立大山田小学校運動場,伊賀市,平田２５番地
三重県,伊賀市立大山田小学校屋内運動場,伊賀市,平田２５番地
三重県,大山田農村環境改善センター,伊賀市,平田６５０番地
三重県,ライトピアおおやまだ,伊賀市,奥馬野１７番地
三重県,青山児童屋内運動場,伊賀市,腰山３５４番地
三重県,青山矢持グラウンド,伊賀市,腰山３５４番地
三重県,青山高尾体育館,伊賀市,高尾２５０５番地
三重県,青山高尾グラウンド,伊賀市,高尾２５０５番地
三重県,伊賀市立さくら保育園園舎,伊賀市,阿保１１５２番地
三重県,伊賀市立青山小学校運動場,伊賀市,阿保１７８９番地
三重県,伊賀市立青山小学校体育館,伊賀市,阿保１７８９番地
三重県,伊賀市立青山中学校運動場,伊賀市,阿保１８７０番地
三重県,伊賀市立青山中学校体育館,伊賀市,阿保１８７０番地
三重県,三重県立上野高等学校体育館,伊賀市,上野丸之内１０７番地
三重県,三重県立上野高等学校運動場,伊賀市,上野丸之内１０７番地
三重県,三重県立あけぼの学園高等学校体育館,伊賀市,川東４１２
三重県,三重県立あけぼの学園高等学校運動場,伊賀市,川東４１２
三重県,きじが台地区市民センター,伊賀市,上神戸４５６０番地９５
三重県,桃青の丘幼稚園園舎,伊賀市,上野丸之内１７７番地の１
三重県,桃青の丘幼稚園園庭,伊賀市,上野丸之内１７７番地の１
三重県,上野南部地区市民センター,伊賀市,上野桑町１４１２
三重県,伊賀市立島ヶ原保育所園舎,伊賀市,島ヶ原４７３６番地
三重県,伊賀市立島ヶ原保育所園庭,伊賀市,島ヶ原４７３６番地
三重県,伊賀市立大山田保育園園舎,伊賀市,平田７番地
三重県,伊賀市立大山田保育園園庭,伊賀市,平田７番地
三重県,伊賀市立さくら保育園園庭,伊賀市,阿保１１５２番地
三重県,木曽岬町立北部公民館,木曽岬町,加路戸８４６番地の２
三重県,木曽岬町福祉・教育センター,木曽岬町,西対海地２５０番地
三重県,木曽岬町立木曽岬小学校,木曽岬町,田代１６０番地
三重県,木曽岬町立木曽岬中学校,木曽岬町,中和泉３６１番地
三重県,木曽岬町立東部公民館,木曽岬町,富田子３０３番地の４
三重県,旧南部幼稚園 南部保育園,木曽岬町,三崎６６６番地
三重県,東員町立東員第一中学校校舎,東員町,大字六把野新田５５７番地
三重県,東員町立東員第一中学校体育館,東員町,大字六把野新田５５７番地
三重県,東員町立東員第一中学校グラウンド,東員町,大字六把野新田５５７番地
三重県,東員町立東員第二中学校校舎,東員町,城山二丁目１番
三重県,東員町立東員第二中学校体育館,東員町,城山二丁目１番
三重県,東員町立東員第二中学校グラウンド,東員町,城山二丁目１番
三重県,東員町立神田小学校校舎,東員町,大字六把野新田１００番地
三重県,東員町立神田小学校体育館,東員町,大字六把野新田１００番地
三重県,東員町立神田小学校グラウンド,東員町,大字六把野新田１００番地
三重県,東員町立稲部小学校校舎,東員町,大字大木９４４番地
三重県,東員町立稲部小学校体育館,東員町,大字大木９４４番地
三重県,東員町立稲部小学校グラウンド,東員町,大字大木９４４番地
三重県,東員町立三和小学校校舎,東員町,大字長深７００番地
三重県,東員町立三和小学校体育館,東員町,大字長深７００番地
三重県,東員町立三和小学校グラウンド,東員町,大字長深７００番地
三重県,東員町立笹尾西小学校校舎,東員町,笹尾西二丁目１番１
三重県,東員町立笹尾西小学校体育館,東員町,笹尾西二丁目１番１
三重県,東員町立笹尾西小学校グラウンド,東員町,笹尾西二丁目１番１
三重県,東員町立笹尾東小学校校舎,東員町,笹尾東四丁目２８番
三重県,東員町立笹尾東小学校体育館,東員町,笹尾東四丁目２８番
三重県,東員町立笹尾東小学校グラウンド,東員町,笹尾東四丁目２８番
三重県,東員町立城山小学校校舎,東員町,城山一丁目４８番
三重県,東員町立城山小学校体育館,東員町,城山一丁目４８番
三重県,東員町立城山小学校グラウンド,東員町,城山一丁目４８番
三重県,東員町総合体育館,東員町,大字山田１６００番地
三重県,笹尾中央公園,東員町,笹尾東二丁目６番１
三重県,東員町中部公園,東員町,大字北大社１６３４番地
三重県,菰野町立菰野小学校校舎,菰野町,大字菰野１４９０番地
三重県,菰野町立菰野小学校体育館,菰野町,大字菰野１４９０番地
三重県,菰野町立菰野小学校グランド,菰野町,大字菰野１４９０番地
三重県,菰野町立鵜川原小学校校舎,菰野町,大字大強原９１３番地
三重県,菰野町立鵜川原小学校体育館,菰野町,大字大強原９１３番地
三重県,菰野町立鵜川原小学校グランド,菰野町,大字大強原９１３番地
三重県,菰野町立竹永小学校校舎,菰野町,大字竹成２５９３番地５
三重県,菰野町立竹永小学校体育館,菰野町,大字竹成２５９３番地５
三重県,菰野町立竹永小学校グランド,菰野町,大字竹成２５９３番地５
三重県,菰野町立朝上小学校校舎,菰野町,大字田光６６番地
三重県,菰野町立朝上小学校体育館,菰野町,大字田光６６番地
三重県,菰野町立朝上小学校グランド,菰野町,大字田光６６番地
三重県,菰野町立千種小学校校舎,菰野町,大字千草３８６１番地
三重県,菰野町立千種小学校体育館,菰野町,大字千草３８６１番地
三重県,菰野町立千種小学校グランド,菰野町,大字千草３８６１番地
三重県,菰野町立菰野中学校校舎,菰野町,大字菰野１１９２番地
三重県,菰野町立菰野中学校体育館,菰野町,大字菰野１１９２番地
三重県,菰野町立菰野中学校グランド,菰野町,大字菰野１１９２番地
三重県,菰野町立八風中学校校舎,菰野町,大字田光３８０８番地１８
三重県,菰野町立八風中学校体育館,菰野町,大字田光３８０８番地１８
三重県,菰野町立八風中学校グランド,菰野町,大字田光３８０８番地１８
三重県,菰野町Ｂ＆Ｇ海洋センター体育館,菰野町,大字菰野４７７５番地１
三重県,菰野町Ｂ＆Ｇ海洋センターグランド,菰野町,大字菰野４７７５番地１
三重県,千草地下道（国道306号）,菰野町,大字千草
三重県,潤田地下道（国道306号）,菰野町,大字潤田
三重県,菰野地下道（国道306号）,菰野町,大字菰野
三重県,朝日町教育文化施設,朝日町,柿２２７８
三重県,朝日小学校,朝日町,柿７５０
三重県,朝日中学校,朝日町,柿２８３８
三重県,朝日小学校グランド,朝日町,柿７５０
三重県,朝日中学校グランド,朝日町,柿２８３８
三重県,町民スポーツ施設,朝日町,柿２８２２番地１
三重県,植松公園,朝日町,埋縄１３６７
三重県,梅ヶ丘第一公園,朝日町,柿３２５２
三重県,梅ヶ丘第二公園,朝日町,柿３１７９
三重県,朝日町教育文化施設駐車場,朝日町,柿2278番地
三重県,朝日町体育館,朝日町,柿2146番地
三重県,朝日町公民館,朝日町,小向1893番地
三重県,縄生公民館,朝日町,縄生714番地1
三重県,小向公民館,朝日町,小向849番地4
三重県,柿公民館,朝日町,柿2050番地
三重県,埋縄公民館,朝日町,埋縄994番地
三重県,白梅西公民館,朝日町,白梅の丘西一丁目8番地3
三重県,向陽台公民館,朝日町,向陽台二丁目1番地9
三重県,白梅東集会所,朝日町,白梅の丘東二丁目12番地12
三重県,朝日町保健福祉センター,朝日町,小向891番地5
三重県,うらら公園,朝日町,白梅の丘西二丁目8番地1
三重県,展望公園,朝日町,白梅の丘東二丁目12番地12
三重県,名谷公園,朝日町,白梅の丘東二丁目13番地4
三重県,北條公園,朝日町,小向1948番地
三重県,ふれあいパーク,朝日町,柿2278番地13
三重県,川越町総合体育館,川越町,亀崎新田７７番地５４６
三重県,川越中学校（体育館含む。）,川越町,豊田一色６７
三重県,川越北小学校（体育館含む。）,川越町,豊田一色６９
三重県,川越南小学校（体育館含む。）,川越町,高松２５８
三重県,いきいきセンター,川越町,豊田一色３１４
三重県,多気町立津田小学校,多気町,井内林１３８番地
三重県,多気町立相可小学校,多気町,兄国４６４番地
三重県,多気町松阪市学校組合立多気中学校体育館,多気町,相可１５４０番地
三重県,多気町立佐奈小学校,多気町,仁田１２０番地
三重県,多気町立外城田小学校,多気町,森荘５３４番地１号
三重県,多気町立勢和中学校,多気町,片野２２５４番地
三重県,多気町立勢和小学校,多気町,片野２３４３番地
三重県,多気町勢和保健センター,多気町,土屋２８８番地２号
三重県,多気町立勢和公民館,多気町,朝柄３１２７番地
三重県,多気町立勢和東公民館,多気町,丹生１７８９番地３号
三重県,多気町立勢和保育園,多気町,下出江１０番地
三重県,明和町立大淀小学校校舎,明和町,大字大淀２６５０
三重県,明和町立大淀小学校体育館,明和町,大字大淀２６５０
三重県,明和町立大淀小学校運動場,明和町,大字大淀２６５０
三重県,明和町立下御糸小学校校舎,明和町,大字内座３６７
三重県,明和町立下御糸小学校体育館,明和町,大字内座３６７
三重県,明和町立下御糸小学校運動場,明和町,大字内座３６７
三重県,明和町立上御糸小学校校舎,明和町,大字佐田２０２６
三重県,明和町立上御糸小学校体育館,明和町,大字佐田２０２６
三重県,明和町立上御糸小学校運動場,明和町,大字佐田２０２６
三重県,明和町立明星小学校校舎,明和町,大字明星１５５３
三重県,明和町立明星小学校体育館,明和町,大字明星１５５３
三重県,明和町立明星小学校運動場,明和町,大字明星１５５３
三重県,明和町立斎宮小学校校舎,明和町,斎宮３３８５番地２
三重県,明和町立斎宮小学校体育館,明和町,斎宮３３８５番地２
三重県,明和町立斎宮小学校運動場,明和町,斎宮３３８５番地２
三重県,明和町立修正小学校校舎,明和町,大字有爾中８１６番地の１
三重県,明和町立修正小学校体育館,明和町,大字有爾中８１６番地の１
三重県,明和町立修正小学校運動場,明和町,大字有爾中８１６番地の１
三重県,明和町立斎宮幼稚園校舎,明和町,大字竹川１６０
三重県,明和町立斎宮幼稚園運動場,明和町,大字竹川１６０
三重県,明和町立ささふえ保育所校舎,明和町,大字佐田２７３
三重県,明和町立ささふえ保育所運動場,明和町,大字佐田２７３
三重県,明和町立みどり保育所校舎,明和町,大字上村１０３
三重県,明和町立みどり保育所運動場,明和町,大字上村１０３
三重県,明和町人権センター,明和町,大字佐田４５８番地の２
三重県,明和町人権センター駐車場,明和町,大字佐田４５８番地の２
三重県,斎宮ふれあいプラザ,明和町,大字斎宮８９１番地の５
三重県,斎宮ふれあいプラザ駐車場,明和町,大字斎宮８９１番地の５
三重県,明和町中央公民館,明和町,明和町大字馬之上９４４番地６
三重県,明和町総合体育館,明和町,大字坂本１２１６番地の１
三重県,明和町担い手センター,明和町,大字大淀５９５
三重県,グリーンプラザおおだい,大台町,栃原１６９１番地１
三重県,大台町町民体育館,大台町,栃原１６９２番地１
三重県,日進保育園,大台町,新田４５８番地
三重県,大台町立日進公民館,大台町,新田２３９番地１
三重県,大台町立日進小学校校舎,大台町,新田２７８番地
三重県,大台町立日進小学校体育館,大台町,新田２７８番地
三重県,大台町健康ふれあい会館,大台町,粟生１０１０番地
三重県,川添保育所,大台町,上楠４０９番地１
三重県,大台町立川添小学校校舎,大台町,上楠４２０番地
三重県,大台町立川添小学校体育館,大台町,上楠４２０番地
三重県,大台町Ｂ＆Ｇ海洋センター管理共用棟,大台町,弥起井３６３番地
三重県,大台町Ｂ＆Ｇ海洋センター体育館,大台町,弥起井３６３番地
三重県,大台町立就業改善センター,大台町,佐原１０１９番地
三重県,大台町立大台中学校校舎,大台町,上三瀬９０３番地１
三重県,大台町立大台中学校体育館,大台町,上三瀬９０３番地１
三重県,大台町真手地域総合センター,大台町,下真手１３０１番地１
三重県,宮川保育園,大台町,江馬７００番地
三重県,大台町生活改善センター,大台町,江馬７０１番地
三重県,大台町立宮川中学校,大台町,茂原６４３番地８
三重県,大台町大杉谷地域総合センター,大台町,久豆１９９番地
三重県,領内地域避難所,大台町,小滝１７１番地３
三重県,岩井避難所,大台町,岩井２９１番地、同２８８番地
三重県,三瀬谷保育園,大台町,菅合２９６０
三重県,三重県立昴学園高等学校,大台町,茂原４８番地
三重県,保健福祉会館,玉城町,勝田４８６７番地１
三重県,中央公民館,玉城町,下田辺８００番地
三重県,町総合グラウンド,玉城町,下田辺８００番地
三重県,玉城町立田丸小学校校舎,玉城町,佐田１２４７番地
三重県,玉城町立田丸小グラウンド,玉城町,佐田１２４７番地
三重県,玉城町立有田小学校校舎,玉城町,長更３７６番地
三重県,玉城町立有田小グラウンド,玉城町,長更３７６番地
三重県,玉城町立外城田小学校校舎,玉城町,蚊野２０１８番地
三重県,玉城町立外城田小グラウンド,玉城町,蚊野２０１８番地
三重県,玉城町立下外城田小学校校舎,玉城町,小社曽根７７６番地
三重県,玉城町立下外城田小グラウンド,玉城町,小社曽根７７６番地
三重県,麻加江生活改善センター,度会町,麻加江６０３番地２
三重県,中之郷生活改善センター,度会町,中之郷１１５７番地５
三重県,度会町役場,度会町,棚橋１２１５番地１
三重県,中央公民館,度会町,棚橋３１４番地
三重県,中川体育館,度会町,麻加江５１６番地１
三重県,一之瀬体育館,度会町,脇出３７２番地
三重県,度会町立度会中学校体育館,度会町,棚橋３００番地
三重県,町民体育館,度会町,棚橋３００番地
三重県,大紀町多目的センターふるさと館,大紀町,永会３８３８番地
三重県,里集会所,大紀町,滝原４４４番地５
三重県,滝原公民館,大紀町,滝原１０３０番地１
三重県,中村集会所,大紀町,滝原１３８７番地３
三重県,阿曽公民館,大紀町,阿曽１５４２番地４
三重県,藤ヶ野集会所,大紀町,阿曽１９７６番地５
三重県,野原生活改善センター,大紀町,野原５５８番地１
三重県,コミュニティーセンター沼ヶ野会館,大紀町,柏野２８９４番地
三重県,長野防災会館,大紀町,崎４８６６番地
三重県,大紀町コンベンションホール,大紀町,崎２２００番地１
三重県,コミュニティーセンター駅前会館,大紀町,崎２６４番地９
三重県,高尾集会所,大紀町,崎６８３番地４
三重県,三ヶ野生活改善センター,大紀町,崎１７４８番地１
三重県,大紀中学校グラウンド,大紀町,崎２９１番地３
三重県,大紀小学校体育館,大紀町,崎２９１番地３
三重県,旧柏崎中学校グラウンド,大紀町,崎４４６４番地３
三重県,旧柏崎中学校体育館,大紀町,崎４４６４番地３
三重県,錦コミュニティーセンター福羅会館,大紀町,錦１３番地６５
三重県,紀勢老人福祉センター,大紀町,錦９１５番地４５
三重県,錦タワー,大紀町,錦３５４番地１
三重県,錦みなとホール,大紀町,錦７９５番地
三重県,大紀町役場錦支所,大紀町,錦７３６番地７
三重県,高岡会館,大紀町,錦６８０番地
三重県,錦小学校グラウンド,大紀町,錦４２６番地１
三重県,錦小学校体育館,大紀町,錦４２６番地１
三重県,旧錦中学校グラウンド,大紀町,錦７１番地５
三重県,旧錦中学校体育館,大紀町,錦７１番地５
三重県,駒コミュニティーセンター,大紀町,大内山２７７番地１
三重県,Ｂ＆Ｇ体育館,大紀町,大内山８５３番地２
三重県,中央公民館,大紀町,大内山８４９番地３
三重県,間弓コミュニティーセンター,大紀町,大内山７０２番地
三重県,大紀町大内山支所,大紀町,大内山８６１番地１
三重県,川口コミュニティーセンター,大紀町,大内山１１０３番地２
三重県,米ヶ谷コミュニティーセンター,大紀町,大内山２２９０番地２
三重県,中野コミュニティーセンター,大紀町,大内山２９３９番地１
三重県,南勢体育センター,南伊勢町,五ヶ所浦９０７番地２
三重県,切原教育集会所,南伊勢町,切原４５５番地
三重県,南伊勢町保育所　五ヶ所園　Ａ棟,南伊勢町,五ヶ所浦１０６２番地
三重県,南伊勢町保育所　五ヶ所園　Ｂ棟,南伊勢町,五ヶ所浦１０６２番地
三重県,南伊勢町保育所　五ヶ所園　Ｃ棟,南伊勢町,五ヶ所浦１０６２番地
三重県,南伊勢町立南勢小学校　校舎,南伊勢町,五ヶ所浦３７５５番地４
三重県,南伊勢町立南勢小学校　体育館,南伊勢町,五ヶ所浦３７５５番地４
三重県,愛洲の館,南伊勢町,五ヶ所浦２３６６番地
三重県,南伊勢町福祉健康ランド,南伊勢町,五ヶ所浦２９２８番地
三重県,南伊勢町町民文化会館,南伊勢町,五ヶ所浦３９１７番地
三重県,南伊勢町保育所　神原園,南伊勢町,神津佐１０３８番地
三重県,南伊勢町立宿田曽小学校　校舎,南伊勢町,田曽浦３８０９番地
三重県,南伊勢町立宿田曽小学校　体育館,南伊勢町,田曽浦３８１３番地
三重県,南伊勢町保育所　宿田曽園,南伊勢町,田曽浦３８０２番地
三重県,五ヶ所体育館,南伊勢町,船越１８３７番地１
三重県,南伊勢町立穂原小学校　校舎,南伊勢町,伊勢路１００５番地
三重県,南伊勢町立穂原小学校　体育館,南伊勢町,伊勢路１００５番地
三重県,南伊勢町保育所　穂原園,南伊勢町,伊勢路１０１６番地１
三重県,南伊勢町保育所　南海園,南伊勢町,迫間浦１１１３番地１
三重県,南海体育館,南伊勢町,迫間浦１１１３番地１
三重県,南伊勢町立南海小学校　校舎,南伊勢町,迫間浦１０２０番地１
三重県,南伊勢町立南海小学校　体育館,南伊勢町,迫間浦１０２０番地１
三重県,南伊勢町立南勢中学校　校舎,南伊勢町,船越２１００番地
三重県,南伊勢町立南勢中学校　体育館,南伊勢町,船越２１００番地
三重県,南伊勢町役場南島庁舎,南伊勢町,神前浦１５番地
三重県,南島体育センター,南伊勢町,村山２番地２７
三重県,南島西小学校　校舎,南伊勢町,村山１０３６番地
三重県,南島西小学校　体育館,南伊勢町,村山１０３６番地
三重県,ふれあいセンターなんとう,南伊勢町,村山１１３２番地１
三重県,島津体育館,南伊勢町,古和浦２５４番地
三重県,南伊勢町保育所　さざ波園,南伊勢町,古和浦１１３５番地
三重県,南伊勢町役場島津出張所,南伊勢町,古和浦１０１番地３
三重県,南島体育館,南伊勢町,慥柄浦６番地４
三重県,南島中学校校舎,南伊勢町,東宮１０３３番地
三重県,河内集会所,紀北町,河内７７４番地
三重県,紀北町立上里小学校（体育館）,紀北町,上里８０１番地
三重県,中原多目的集会所,紀北町,十須８１５番地１
三重県,紀北町立三浦小学校（体育館）,紀北町,三浦４３２番地
三重県,志子体育館,紀北町,島原９５８番地
三重県,紀北町立赤羽小学校（体育館）,紀北町,島原２７０８番地
三重県,紀北町立赤羽中学校（体育館）,紀北町,島原２６９７番地
三重県,三浦公民館,紀北町,三浦３６４番地２
三重県,多目的会館,紀北町,長島９７１番地
三重県,東長島公民館,紀北町,東長島９１５番地２
三重県,若者センター,紀北町,島原２６９７番地４
三重県,海山公民館,紀北町,相賀４８１番地２
三重県,老人福祉センター,紀北町,相賀４８８番地１
三重県,町民センター,紀北町,相賀５１３番地３
三重県,海山体育館,紀北町,相賀４９５番地８
三重県,海野小学校,紀北町,海野４１１番地
三重県,西小学校,紀北町,長島１５３８番地
三重県,紀北中学校,紀北町,長島４４４番地
三重県,東小学校,紀北町,東長島２４５８番地
三重県,三船中学校,紀北町,上里５４３番地
三重県,ふなつ幼稚園,紀北町,船津１３５１番地
三重県,船津小学校,紀北町,船津１０５７番地
三重県,相賀小学校,紀北町,相賀３６８番地３
三重県,潮南中学校,紀北町,相賀４９９番地３
三重県,引本幼稚園,紀北町,引本浦１９１番地２
三重県,引本小学校,紀北町,引本浦２３９番地２
三重県,引本公民館,紀北町,引本浦８７１番地
三重県,矢口小学校,紀北町,矢口浦３１１番地
三重県,海山リサイクルセンター,紀北町,船津２５８９番地
三重県,島勝浦体験型イベント交流施設,紀北町,島勝浦３２１番地
三重県,島勝漁村センター,紀北町,島勝浦２５２番地１
三重県,御浜町福祉健康センター,御浜町,下市木２０４０番地
三重県,御浜町役場,御浜町,阿田和６１２０番地１
三重県,阪本コミュニティセンター,御浜町,阪本１１０７番地
三重県,尾呂志公民館,御浜町,上野１６番地
三重県,尾呂志体育館,御浜町,上野２４０番地２
三重県,尾呂志学園たかちらホール,御浜町,大字上野５３５番地５
三重県,中立コミュニティセンター,御浜町,中立３９７番地
三重県,神木公民館,御浜町,神木６１１番地
三重県,御浜中学校体育館,御浜町,志原１９３０番地１３
三重県,上市木公民館,御浜町,上市木２３１９番地
三重県,柿原公民館,御浜町,柿原７４３番地
三重県,山地コミュニティセンター,御浜町,阿田和３３０６番地６
三重県,阿田和中学校体育館,御浜町,阿田和３９９６番地１
三重県,阿田和公民館,御浜町,阿田和４６９４番地
三重県,紀宝町立井田小学校校舎,紀宝町,井田１７８７番地２
三重県,紀宝町立井田小学校グラウンド,紀宝町,井田１７８７番地２
三重県,紀宝町立神内小学校校舎,紀宝町,神内４９３番地
三重県,紀宝町立神内小学校グラウンド,紀宝町,神内４９３番地
三重県,紀宝町立成川小学校校舎,紀宝町,成川６３２番地
三重県,紀宝町立成川小学校グラウンド,紀宝町,成川６３２番地
三重県,鮒田構造改善センター（弁慶）,紀宝町,鮒田１１３２番地２
三重県,北檜杖多目的集会施設,紀宝町,北檜杖６１４番地
三重県,浅里生活改善センター,紀宝町,浅里１１４９番地
三重県,紀宝町田代体育館,紀宝町,大里２８３７番地２
三重県,紀宝町立相野谷中学校校舎,紀宝町,大里１５４６番地
三重県,紀宝町立相野谷中学校グラウンド,紀宝町,大里１５４６番地
三重県,紀宝町立相野谷小学校校舎,紀宝町,井内９８番地１
三重県,紀宝町立相野谷小学校グラウンド,紀宝町,井内９８番地１
三重県,平尾井高齢者生産活動センター,紀宝町,平尾井１４２９番地１
三重県,阪松原生活改善センター,紀宝町,阪松原６５６番地１
三重県,桐原生活改善センター,紀宝町,桐原１６３４番地
三重県,紀宝町鵜殿体育館,紀宝町,鵜殿３２４番地
三重県,成川地下道（県道紀宝川瀬線）,紀宝町,成川字上野三重県
埼玉県,さいたま市立指扇小学校,さいたま市,西区大字指扇４２２６
埼玉県,さいたま市立馬宮東小学校,さいたま市,西区大字西遊馬１８９－１
埼玉県,さいたま市立馬宮西小学校,さいたま市,西区大字飯田新田１８９－２
埼玉県,さいたま市立植水小学校,さいたま市,西区大字中野林２２５－１
埼玉県,さいたま市立大宮西小学校,さいたま市,西区三橋５－１３５９
埼玉県,さいたま市立栄小学校,さいたま市,西区大字飯田８１１
埼玉県,さいたま市立宮前小学校,さいたま市,西区宮前町３４１
埼玉県,さいたま市立指扇北小学校,さいたま市,西区大字中釘１５０６－１
埼玉県,さいたま市立指扇中学校,さいたま市,西区大字清河寺１８５－２
埼玉県,さいたま市立馬宮中学校,さいたま市,西区大字二ツ宮５８９－１
埼玉県,さいたま市立大宮西中学校,さいたま市,西区三橋６－１５５８
埼玉県,さいたま市立宮前中学校,さいたま市,西区宮前町１４６７－１
埼玉県,さいたま市立植水中学校,さいたま市,西区大字三条町３４５－１
埼玉県,さいたま市立土屋中学校,さいたま市,西区大字土屋１７６６－１
埼玉県,埼玉県立大宮光陵高等学校,さいたま市,西区大字中野林１４５
埼玉県,埼玉県立大宮南高等学校,さいたま市,西区大字植田谷本７９３
埼玉県,埼玉県立大宮武蔵野高等学校,さいたま市,西区大字西遊馬１６０１
埼玉県,三橋総合公園（体育館）,さいたま市,西区三橋５－１９０
埼玉県,さいたま市立指扇公民館,さいたま市,西区西大宮２－１３－１
埼玉県,さいたま市立馬宮公民館,さいたま市,西区西遊馬２３６－２
埼玉県,さいたま市立植水公民館,さいたま市,西区中野林１７３－２
埼玉県,埼玉県立大宮北特別支援学校,さいたま市,西区中釘後谷２２９０－１
埼玉県,健康福祉センター西楽園,さいたま市,西区大字宝来60-1
埼玉県,さいたま市立東大成小学校,さいたま市,北区東大成町２－１２
埼玉県,さいたま市立日進小学校,さいたま市,北区日進町２－９１１
埼玉県,さいたま市立日進北小学校,さいたま市,北区日進町３－１７８
埼玉県,さいたま市立宮原小学校,さいたま市,北区宮原町４－１０２－６
埼玉県,さいたま市立植竹小学校,さいたま市,北区植竹町２－１
埼玉県,さいたま市立大砂土小学校,さいたま市,北区本郷町１
埼玉県,さいたま市立大宮別所小学校,さいたま市,北区別所町４２－１
埼玉県,さいたま市立泰平小学校,さいたま市,北区今羽町６２８
埼玉県,さいたま市立日進中学校,さいたま市,北区櫛引町２－５０３－１
埼玉県,さいたま市立宮原中学校,さいたま市,北区宮原町４－１２９
埼玉県,さいたま市立植竹中学校,さいたま市,北区土呂町３５２
埼玉県,さいたま市立泰平中学校,さいたま市,北区本郷町１９９１
埼玉県,さいたま市立土呂中学校,さいたま市,北区見沼３－７５
埼玉県,さいたま市立大宮北高等学校,さいたま市,北区奈良町９１－１
埼玉県,埼玉県立大宮工業高等学校,さいたま市,北区本郷町１９７０
埼玉県,埼玉県立大宮中央高等学校,さいたま市,北区櫛引町２－４９９－１
埼玉県,埼玉県立特別支援学校大宮ろう学園,さいたま市,北区植竹町２－６８
埼玉県,さいたま市立日進公民館,さいたま市,北区日進町２－１１９５－２
埼玉県,さいたま市立宮原公民館,さいたま市,北区宮原町４－６６－４
埼玉県,さいたま市立大砂土公民館,さいたま市,北区本郷町２８４
埼玉県,さいたま市立植竹公民館,さいたま市,北区盆栽町４３０
埼玉県,さいたま市立つばさ小学校,さいたま市,北区宮原町３－９０２－４
埼玉県,さいたま市立大宮小学校,さいたま市,大宮区大門町３－３
埼玉県,さいたま市立大宮東小学校,さいたま市,大宮区堀の内町３－１４５
埼玉県,さいたま市立大宮南小学校,さいたま市,大宮区吉敷町３－８７
埼玉県,さいたま市立大宮北小学校,さいたま市,大宮区宮町３－８４
埼玉県,さいたま市立桜木小学校,さいたま市,大宮区桜木町４－３２８－９
埼玉県,さいたま市立三橋小学校,さいたま市,大宮区三橋２－２０
埼玉県,さいたま市立大成小学校,さいたま市,大宮区大成町２－２８２
埼玉県,さいたま市立芝川小学校,さいたま市,大宮区天沼町２－１０７７
埼玉県,さいたま市立上小小学校,さいたま市,大宮区上小町１３３７－１
埼玉県,さいたま市立大宮東中学校,さいたま市,大宮区堀の内町１－９９
埼玉県,さいたま市立大宮南中学校,さいたま市,大宮区天沼町２－３６２
埼玉県,さいたま市立大宮北中学校,さいたま市,大宮区寿能町１－２１
埼玉県,さいたま市立桜木中学校,さいたま市,大宮区桜木町４－２１９
埼玉県,さいたま市立三橋中学校,さいたま市,大宮区三橋１－１３００
埼玉県,さいたま市立大成中学校,さいたま市,大宮区大成町２－３７９
埼玉県,さいたま市立第二東中学校,さいたま市,大宮区天沼町１－７６０
埼玉県,さいたま市立大宮西高等学校,さいたま市,大宮区三橋４－９６
埼玉県,埼玉県立大宮高等学校,さいたま市,大宮区天沼町２－３２３
埼玉県,さいたま市立大宮南公民館,さいたま市,大宮区吉敷町４－２２３－２
埼玉県,さいたま市立大宮中部公民館,さいたま市,大宮区仲町３－３０－２
埼玉県,さいたま市立大宮北公民館,さいたま市,大宮区宮町３－１１３－３
埼玉県,さいたま市立三橋公民館,さいたま市,大宮区三橋２－２０
埼玉県,さいたま市立大成公民館,さいたま市,大宮区大成町２－３３５－１
埼玉県,さいたま市立大宮東公民館,さいたま市,大宮区堀の内町３－１４０
埼玉県,さいたま市大宮ふれあい福祉センター,さいたま市,大宮区土手町１－２１３－１
埼玉県,さいたま市立大砂土東小学校,さいたま市,見沼区大和田町２－９９８
埼玉県,さいたま市立見沼小学校,さいたま市,見沼区東大宮２－４５
埼玉県,さいたま市立片柳小学校,さいたま市,見沼区大字東新井２４４－１
埼玉県,さいたま市立七里小学校,さいたま市,見沼区大字東宮下３１２
埼玉県,さいたま市立春岡小学校,さいたま市,見沼区春岡２－２９－１
埼玉県,さいたま市立蓮沼小学校,さいたま市,見沼区大字蓮沼１０７０
埼玉県,さいたま市立大谷小学校,さいたま市,見沼区大字大谷１８
埼玉県,さいたま市立島小学校,さいたま市,見沼区島町５３３－２
埼玉県,さいたま市立東宮下小学校,さいたま市,見沼区大字東宮下２１５－１
埼玉県,さいたま市立海老沼小学校,さいたま市,見沼区大字東新井７１０－５
埼玉県,さいたま市立春野小学校,さいたま市,見沼区春野１－１０－１
埼玉県,さいたま市立大砂土中学校,さいたま市,見沼区東大宮１－１００－１
埼玉県,さいたま市立片柳中学校,さいたま市,見沼区大字御蔵５５１
埼玉県,さいたま市立春里中学校,さいたま市,見沼区大字小深作２６８－１９
埼玉県,さいたま市立七里中学校,さいたま市,見沼区東宮下１－１－１
埼玉県,さいたま市立大谷中学校,さいたま市,見沼区大字大谷１６３４－２
埼玉県,さいたま市立大宮八幡中学校,さいたま市,見沼区大字南中丸３５７
埼玉県,さいたま市立春野中学校,さいたま市,見沼区春野２－２－１
埼玉県,埼玉県立大宮商業高等学校,さいたま市,見沼区大和田町１－３５６
埼玉県,埼玉県立大宮東高等学校,さいたま市,見沼区大字膝子５６７
埼玉県,さいたま市立大砂土東公民館,さいたま市,見沼区大和田町２－１４４５
埼玉県,さいたま市立片柳公民館,さいたま市,見沼区東新井１１７－２
埼玉県,さいたま市立七里公民館,さいたま市,見沼区東宮下２６５－１
埼玉県,さいたま市立春岡公民館,さいたま市,見沼区深作１－５－１
埼玉県,さいたま市立与野本町小学校,さいたま市,中央区本町東３－５－２３
埼玉県,さいたま市立上落合小学校,さいたま市,中央区上落合４－１４－２４
埼玉県,さいたま市立大戸小学校,さいたま市,中央区新中里１－６－２８
埼玉県,さいたま市立下落合小学校,さいたま市,中央区上落合１－７－３３
埼玉県,さいたま市立与野西北小学校,さいたま市,中央区円阿弥４－３－７
埼玉県,さいたま市立鈴谷小学校,さいたま市,中央区鈴谷５－１－１