埼玉県,さいたま市立指扇小学校,さいたま市,西区大字指扇４２２６
埼玉県,さいたま市立馬宮東小学校,さいたま市,西区大字西遊馬１８９－１
埼玉県,さいたま市立馬宮西小学校,さいたま市,西区大字飯田新田１８９－２
埼玉県,さいたま市立植水小学校,さいたま市,西区大字中野林２２５－１
埼玉県,さいたま市立大宮西小学校,さいたま市,西区三橋５－１３５９
埼玉県,さいたま市立栄小学校,さいたま市,西区大字飯田８１１
埼玉県,さいたま市立宮前小学校,さいたま市,西区宮前町３４１
埼玉県,さいたま市立指扇北小学校,さいたま市,西区大字中釘１５０６－１
埼玉県,さいたま市立指扇中学校,さいたま市,西区大字清河寺１８５－２
埼玉県,さいたま市立馬宮中学校,さいたま市,西区大字二ツ宮５８９－１
埼玉県,さいたま市立大宮西中学校,さいたま市,西区三橋６－１５５８
埼玉県,さいたま市立宮前中学校,さいたま市,西区宮前町１４６７－１
埼玉県,さいたま市立植水中学校,さいたま市,西区大字三条町３４５－１
埼玉県,さいたま市立土屋中学校,さいたま市,西区大字土屋１７６６－１
埼玉県,埼玉県立大宮光陵高等学校,さいたま市,西区大字中野林１４５
埼玉県,埼玉県立大宮南高等学校,さいたま市,西区大字植田谷本７９３
埼玉県,埼玉県立大宮武蔵野高等学校,さいたま市,西区大字西遊馬１６０１
埼玉県,三橋総合公園（体育館）,さいたま市,西区三橋５－１９０
埼玉県,さいたま市立指扇公民館,さいたま市,西区西大宮２－１３－１
埼玉県,さいたま市立馬宮公民館,さいたま市,西区西遊馬２３６－２
埼玉県,さいたま市立植水公民館,さいたま市,西区中野林１７３－２
埼玉県,埼玉県立大宮北特別支援学校,さいたま市,西区中釘後谷２２９０－１
埼玉県,健康福祉センター西楽園,さいたま市,西区大字宝来60-1
埼玉県,さいたま市立東大成小学校,さいたま市,北区東大成町２－１２
埼玉県,さいたま市立日進小学校,さいたま市,北区日進町２－９１１
埼玉県,さいたま市立日進北小学校,さいたま市,北区日進町３－１７８
埼玉県,さいたま市立宮原小学校,さいたま市,北区宮原町４－１０２－６
埼玉県,さいたま市立植竹小学校,さいたま市,北区植竹町２－１
埼玉県,さいたま市立大砂土小学校,さいたま市,北区本郷町１
埼玉県,さいたま市立大宮別所小学校,さいたま市,北区別所町４２－１
埼玉県,さいたま市立泰平小学校,さいたま市,北区今羽町６２８
埼玉県,さいたま市立日進中学校,さいたま市,北区櫛引町２－５０３－１
埼玉県,さいたま市立宮原中学校,さいたま市,北区宮原町４－１２９
埼玉県,さいたま市立植竹中学校,さいたま市,北区土呂町３５２
埼玉県,さいたま市立泰平中学校,さいたま市,北区本郷町１９９１
埼玉県,さいたま市立土呂中学校,さいたま市,北区見沼３－７５
埼玉県,さいたま市立大宮北高等学校,さいたま市,北区奈良町９１－１
埼玉県,埼玉県立大宮工業高等学校,さいたま市,北区本郷町１９７０
埼玉県,埼玉県立大宮中央高等学校,さいたま市,北区櫛引町２－４９９－１
埼玉県,埼玉県立特別支援学校大宮ろう学園,さいたま市,北区植竹町２－６８
埼玉県,さいたま市立日進公民館,さいたま市,北区日進町２－１１９５－２
埼玉県,さいたま市立宮原公民館,さいたま市,北区宮原町４－６６－４
埼玉県,さいたま市立大砂土公民館,さいたま市,北区本郷町２８４
埼玉県,さいたま市立植竹公民館,さいたま市,北区盆栽町４３０
埼玉県,さいたま市立つばさ小学校,さいたま市,北区宮原町３－９０２－４
埼玉県,さいたま市立大宮小学校,さいたま市,大宮区大門町３－３
埼玉県,さいたま市立大宮東小学校,さいたま市,大宮区堀の内町３－１４５
埼玉県,さいたま市立大宮南小学校,さいたま市,大宮区吉敷町３－８７
埼玉県,さいたま市立大宮北小学校,さいたま市,大宮区宮町３－８４
埼玉県,さいたま市立桜木小学校,さいたま市,大宮区桜木町４－３２８－９
埼玉県,さいたま市立三橋小学校,さいたま市,大宮区三橋２－２０
埼玉県,さいたま市立大成小学校,さいたま市,大宮区大成町２－２８２
埼玉県,さいたま市立芝川小学校,さいたま市,大宮区天沼町２－１０７７
埼玉県,さいたま市立上小小学校,さいたま市,大宮区上小町１３３７－１
埼玉県,さいたま市立大宮東中学校,さいたま市,大宮区堀の内町１－９９
埼玉県,さいたま市立大宮南中学校,さいたま市,大宮区天沼町２－３６２
埼玉県,さいたま市立大宮北中学校,さいたま市,大宮区寿能町１－２１
埼玉県,さいたま市立桜木中学校,さいたま市,大宮区桜木町４－２１９
埼玉県,さいたま市立三橋中学校,さいたま市,大宮区三橋１－１３００
埼玉県,さいたま市立大成中学校,さいたま市,大宮区大成町２－３７９
埼玉県,さいたま市立第二東中学校,さいたま市,大宮区天沼町１－７６０
埼玉県,さいたま市立大宮西高等学校,さいたま市,大宮区三橋４－９６
埼玉県,埼玉県立大宮高等学校,さいたま市,大宮区天沼町２－３２３
埼玉県,さいたま市立大宮南公民館,さいたま市,大宮区吉敷町４－２２３－２
埼玉県,さいたま市立大宮中部公民館,さいたま市,大宮区仲町３－３０－２
埼玉県,さいたま市立大宮北公民館,さいたま市,大宮区宮町３－１１３－３
埼玉県,さいたま市立三橋公民館,さいたま市,大宮区三橋２－２０
埼玉県,さいたま市立大成公民館,さいたま市,大宮区大成町２－３３５－１
埼玉県,さいたま市立大宮東公民館,さいたま市,大宮区堀の内町３－１４０
埼玉県,さいたま市大宮ふれあい福祉センター,さいたま市,大宮区土手町１－２１３－１
埼玉県,さいたま市立大砂土東小学校,さいたま市,見沼区大和田町２－９９８
埼玉県,さいたま市立見沼小学校,さいたま市,見沼区東大宮２－４５
埼玉県,さいたま市立片柳小学校,さいたま市,見沼区大字東新井２４４－１
埼玉県,さいたま市立七里小学校,さいたま市,見沼区大字東宮下３１２
埼玉県,さいたま市立春岡小学校,さいたま市,見沼区春岡２－２９－１
埼玉県,さいたま市立蓮沼小学校,さいたま市,見沼区大字蓮沼１０７０
埼玉県,さいたま市立大谷小学校,さいたま市,見沼区大字大谷１８
埼玉県,さいたま市立島小学校,さいたま市,見沼区島町５３３－２
埼玉県,さいたま市立東宮下小学校,さいたま市,見沼区大字東宮下２１５－１
埼玉県,さいたま市立海老沼小学校,さいたま市,見沼区大字東新井７１０－５
埼玉県,さいたま市立春野小学校,さいたま市,見沼区春野１－１０－１
埼玉県,さいたま市立大砂土中学校,さいたま市,見沼区東大宮１－１００－１
埼玉県,さいたま市立片柳中学校,さいたま市,見沼区大字御蔵５５１
埼玉県,さいたま市立春里中学校,さいたま市,見沼区大字小深作２６８－１９
埼玉県,さいたま市立七里中学校,さいたま市,見沼区東宮下１－１－１
埼玉県,さいたま市立大谷中学校,さいたま市,見沼区大字大谷１６３４－２
埼玉県,さいたま市立大宮八幡中学校,さいたま市,見沼区大字南中丸３５７
埼玉県,さいたま市立春野中学校,さいたま市,見沼区春野２－２－１
埼玉県,埼玉県立大宮商業高等学校,さいたま市,見沼区大和田町１－３５６
埼玉県,埼玉県立大宮東高等学校,さいたま市,見沼区大字膝子５６７
埼玉県,さいたま市立大砂土東公民館,さいたま市,見沼区大和田町２－１４４５
埼玉県,さいたま市立片柳公民館,さいたま市,見沼区東新井１１７－２
埼玉県,さいたま市立七里公民館,さいたま市,見沼区東宮下２６５－１
埼玉県,さいたま市立春岡公民館,さいたま市,見沼区深作１－５－１
埼玉県,さいたま市立与野本町小学校,さいたま市,中央区本町東３－５－２３
埼玉県,さいたま市立上落合小学校,さいたま市,中央区上落合４－１４－２４
埼玉県,さいたま市立大戸小学校,さいたま市,中央区新中里１－６－２８
埼玉県,さいたま市立下落合小学校,さいたま市,中央区上落合１－７－３３
埼玉県,さいたま市立与野西北小学校,さいたま市,中央区円阿弥４－３－７
埼玉県,さいたま市立鈴谷小学校,さいたま市,中央区鈴谷５－１－１
埼玉県,さいたま市立与野八幡小学校,さいたま市,中央区本町東５－２３－１４
埼玉県,さいたま市立与野南小学校,さいたま市,中央区大戸６－２－２５
埼玉県,さいたま市立与野東中学校,さいたま市,中央区下落合３－２１－１０
埼玉県,さいたま市立与野西中学校,さいたま市,中央区鈴谷８－１０－３３
埼玉県,さいたま市立与野南中学校,さいたま市,中央区大戸２－６－２５
埼玉県,さいたま市立八王子中学校,さいたま市,中央区八王子４－２－１
埼玉県,埼玉県立いずみ高等学校,さいたま市,中央区円阿弥７－４－１
埼玉県,埼玉県立与野高等学校,さいたま市,中央区本町西２－８－１
埼玉県,さいたま市立大戸公民館,さいたま市,中央区大戸３－１４－２１
埼玉県,さいたま市立与野本町公民館,さいたま市,中央区本町西１－１４－１２
埼玉県,さいたま市立上落合公民館,さいたま市,中央区上落合６－９－３
埼玉県,さいたま市立下落合公民館,さいたま市,中央区下落合５－４－１７
埼玉県,さいたま市立鈴谷公民館,さいたま市,中央区鈴谷７－５－１１
埼玉県,さいたま市立土合小学校,さいたま市,桜区西堀７－２１－１
埼玉県,さいたま市立大久保小学校,さいたま市,桜区五関２１
埼玉県,さいたま市立栄和小学校,さいたま市,桜区栄和１－７－１
埼玉県,さいたま市立田島小学校,さいたま市,桜区田島１０－１２－１
埼玉県,さいたま市立大久保東小学校,さいたま市,桜区大久保領家３３１
埼玉県,さいたま市立新開小学校,さいたま市,桜区新開２－１８－１
埼玉県,さいたま市立神田小学校,さいたま市,桜区神田５４１－１
埼玉県,さいたま市立中島小学校,さいたま市,桜区中島１－２８－１
埼玉県,さいたま市立土合中学校,さいたま市,桜区町谷１－１９－１
埼玉県,さいたま市立大久保中学校,さいたま市,桜区五関２８２
埼玉県,さいたま市立田島中学校,さいたま市,桜区田島１０－１３－１
埼玉県,さいたま市立上大久保中学校,さいたま市,桜区上大久保８６１－１
埼玉県,埼玉県立浦和北高等学校,さいたま市,桜区五関５９５
埼玉県,埼玉県立浦和工業高等学校,さいたま市,桜区西堀５－１－１
埼玉県,さいたま市立土合公民館,さいたま市,桜区西堀４－２－３５
埼玉県,さいたま市立大久保公民館,さいたま市,桜区五関８３９－２
埼玉県,さいたま市立栄和公民館,さいたま市,桜区道場２－１１－２７
埼玉県,さいたま市立田島公民館,さいたま市,桜区田島３－２７－６
埼玉県,さいたま市立大久保東公民館,さいたま市,桜区大久保領家１３１－６
埼玉県,さいたま市立高砂小学校,さいたま市,浦和区岸町４－１－２９
埼玉県,さいたま市立常盤小学校,さいたま市,浦和区常盤９－３０－９
埼玉県,さいたま市立木崎小学校,さいたま市,浦和区領家４－１９－４
埼玉県,さいたま市立仲本小学校,さいたま市,浦和区本太２－１２－３１
埼玉県,さいたま市立本太小学校,さいたま市,浦和区本太２－２６－２５
埼玉県,さいたま市立北浦和小学校,さいたま市,浦和区北浦和２－１８－３
埼玉県,さいたま市立仲町小学校,さいたま市,浦和区常盤８－１８－４
埼玉県,さいたま市立上木崎小学校,さいたま市,浦和区上木崎３－４－３
埼玉県,さいたま市立岸町小学校,さいたま市,浦和区岸町５－２０－４
埼玉県,さいたま市立針ヶ谷小学校,さいたま市,浦和区領家７－２－１
埼玉県,さいたま市立大東小学校,さいたま市,浦和区大東３－１４－１
埼玉県,さいたま市立常盤北小学校,さいたま市,浦和区針ヶ谷４－２－１２
埼玉県,さいたま市立常盤中学校,さいたま市,浦和区針ヶ谷４－１－９
埼玉県,さいたま市立木崎中学校,さいたま市,浦和区瀬ヶ崎２－１７－１
埼玉県,さいたま市立本太中学校,さいたま市,浦和区領家１－４－１５
埼玉県,さいたま市立大原中学校,さいたま市,浦和区大原３－１－１１
埼玉県,さいたま市立浦和高等学校,さいたま市,浦和区元町１－２８－１７
埼玉県,埼玉県立浦和高等学校,さいたま市,浦和区領家５－３－３
埼玉県,埼玉県立浦和西高等学校,さいたま市,浦和区木崎３－１－１
埼玉県,埼玉県立浦和第一女子高等学校,さいたま市,浦和区岸町３－８－４５
埼玉県,埼玉大学教育学部附属小学校,さいたま市,浦和区常盤６－９－４４
埼玉県,さいたま市浦和駒場体育館,さいたま市,浦和区駒場２丁目５番６号
埼玉県,さいたま市立領家公民館,さいたま市,浦和区領家４－２１－２１
埼玉県,さいたま市立浦和南公民館,さいたま市,浦和区神明１－２８－１３
埼玉県,さいたま市立上木崎公民館,さいたま市,浦和区上木崎３－２－１４
埼玉県,さいたま市立大東公民館,さいたま市,浦和区大東２－１３－１６
埼玉県,さいたま市立仲本公民館,さいたま市,浦和区本太２－１２－４０
埼玉県,さいたま市立針ヶ谷公民館,さいたま市,浦和区針ヶ谷３－４－１４
埼玉県,さいたま市立本太公民館,さいたま市,浦和区本太４－３－２３
埼玉県,さいたま市立仲町公民館,さいたま市,浦和区常盤４－１－１２
埼玉県,さいたま市立常盤公民館,さいたま市,浦和区常盤９－３０－１
埼玉県,さいたま市立岸町公民館,さいたま市,浦和区岸町５－１－３
埼玉県,さいたま市立北浦和公民館,さいたま市,浦和区北浦和２－１９－２５
埼玉県,さいたま市立南箇公民館,さいたま市,浦和区領家３－１５－１０
埼玉県,さいたま市立谷田小学校,さいたま市,南区太田窪５－１０－６
埼玉県,さいたま市立南浦和小学校,さいたま市,南区白幡１－１－２０
埼玉県,さいたま市立浦和別所小学校,さいたま市,南区別所２－５－３４
埼玉県,さいたま市立大谷場小学校,さいたま市,南区南浦和１－１８－３
埼玉県,さいたま市立大谷場東小学校,さいたま市,南区大谷場２－１３－５４
埼玉県,さいたま市立西浦和小学校,さいたま市,南区曲本１－３－５
埼玉県,さいたま市立辻小学校,さいたま市,南区辻６－３－２８
埼玉県,さいたま市立文蔵小学校,さいたま市,南区文蔵５－１６－２９
埼玉県,さいたま市立沼影小学校,さいたま市,南区沼影２－８－３６
埼玉県,さいたま市立大谷口小学校,さいたま市,南区広ヶ谷戸２４
埼玉県,さいたま市立浦和大里小学校,さいたま市,南区別所７－１４－２８
埼玉県,さいたま市立善前小学校,さいたま市,南区太田窪２５００－１
埼玉県,さいたま市立向小学校,さいたま市,南区大谷口５４３７
埼玉県,さいたま市立辻南小学校,さいたま市,南区辻８－７－３２
埼玉県,さいたま市立岸中学校,さいたま市,南区南本町２－２５－２７
埼玉県,さいたま市立南浦和中学校,さいたま市,南区辻６－１－３３
埼玉県,さいたま市立白幡中学校,さいたま市,南区白幡２－１８－１３
埼玉県,さいたま市立大谷場中学校,さいたま市,南区大谷場２－１３－５４
埼玉県,さいたま市立大谷口中学校,さいたま市,南区広ヶ谷戸２１
埼玉県,さいたま市立内谷中学校,さいたま市,南区内谷６－１０－１
埼玉県,さいたま市立浦和南高等学校,さいたま市,南区辻６－５－３１
埼玉県,埼玉大学教育学部附属中学校,さいたま市,南区別所４－２－５
埼玉県,さいたま市文化センター,さいたま市,南区根岸1-7-1
埼玉県,さいたま市立南浦和公民館,さいたま市,南区大谷場２－６－２５
埼玉県,さいたま市立谷田公民館,さいたま市,南区大谷口１０８９－１
埼玉県,さいたま市立六辻公民館,さいたま市,南区根岸３－１０－７
埼玉県,さいたま市立西浦和公民館,さいたま市,南区曲本２－７－１１
埼玉県,さいたま市立別所公民館,さいたま市,南区別所５－２１－１３
埼玉県,さいたま市立東浦和公民館,さいたま市,南区大谷口５３３９
埼玉県,さいたま市立文蔵公民館,さいたま市,南区文蔵４－１９－３
埼玉県,さいたま市立善前公民館,さいたま市,南区太田窪２５０４－５
埼玉県,さいたま市立三室小学校,さいたま市,緑区三室１９９４
埼玉県,さいたま市立尾間木小学校,さいたま市,緑区東浦和８－１１－５
埼玉県,さいたま市立原山小学校,さいたま市,緑区原山１－３０－１２
埼玉県,さいたま市立大門小学校,さいたま市,緑区大門１１８９
埼玉県,さいたま市立野田小学校,さいたま市,緑区上野田１６
埼玉県,さいたま市立道祖土小学校,さいたま市,緑区道祖土１－１－１
埼玉県,さいたま市立中尾小学校,さいたま市,緑区中尾２５９６－１
埼玉県,さいたま市立大牧小学校,さいたま市,緑区東浦和６－１２－３
埼玉県,さいたま市立芝原小学校,さいたま市,緑区芝原２－５
埼玉県,さいたま市立原山中学校,さいたま市,緑区太田窪１－１０－２２
埼玉県,さいたま市立東浦和中学校,さいたま市,緑区中尾１２０７－１
埼玉県,さいたま市立美園中学校,さいたま市,緑区大崎２５５０－３
埼玉県,さいたま市立三室中学校,さいたま市,緑区馬場１－３８－２
埼玉県,さいたま市立尾間木中学校,さいたま市,緑区東浦和４－２９－１
埼玉県,埼玉県立浦和東高等学校,さいたま市,緑区寺山３６５
埼玉県,さいたま市地域中核施設プラザイースト,さいたま市,緑区中尾１４４０－８
埼玉県,さいたま市立三室公民館,さいたま市,緑区三室１９４６－５
埼玉県,さいたま市立尾間木公民館,さいたま市,緑区大間木４７２
埼玉県,さいたま市立原山公民館,さいたま市,緑区原山２－３３－１
埼玉県,さいたま市立美園公民館,さいたま市,緑区大門１９７３－１
埼玉県,さいたま市立大古里公民館,さいたま市,緑区三室２６１４－２
埼玉県,埼玉県立浦和特別支援学校,さいたま市,緑区大崎５８
埼玉県,さいたま市立さくら草特別支援学校,さいたま市,緑区三室６３６－８０
埼玉県,さいたま市立美園小学校,さいたま市,緑区大門４３５９
埼玉県,さいたま市立岩槻小学校,さいたま市,岩槻区本町５－６－４５
埼玉県,さいたま市立太田小学校,さいたま市,岩槻区仲町１－１７－３
埼玉県,さいたま市立川通小学校,さいたま市,岩槻区大野島４２２－１
埼玉県,さいたま市立柏崎小学校,さいたま市,岩槻区柏崎７６２
埼玉県,さいたま市立和土小学校,さいたま市,岩槻区黒谷１３５３
埼玉県,さいたま市立新和小学校,さいたま市,岩槻区尾ヶ崎１２５２
埼玉県,さいたま市立慈恩寺小学校,さいたま市,岩槻区慈恩寺２５９
埼玉県,さいたま市立河合小学校,さいたま市,岩槻区平林寺３５１
埼玉県,さいたま市立東岩槻小学校,さいたま市,岩槻区諏訪２－６－１
埼玉県,さいたま市立城北小学校,さいたま市,岩槻区岩槻６６１９
埼玉県,さいたま市立徳力小学校,さいたま市,岩槻区徳力１３６－４
埼玉県,さいたま市立上里小学校,さいたま市,岩槻区上里２－２
埼玉県,さいたま市立西原小学校,さいたま市,岩槻区西原６－２５
埼玉県,さいたま市立城南小学校,さいたま市,岩槻区南下新井１１９１－１
埼玉県,さいたま市立岩槻中学校,さいたま市,岩槻区仲町１－１４－３５
埼玉県,さいたま市立川通中学校,さいたま市,岩槻区長宮４３５
埼玉県,さいたま市立城南中学校,さいたま市,岩槻区笹久保５７７
埼玉県,さいたま市立慈恩寺中学校,さいたま市,岩槻区裏慈恩寺５０５
埼玉県,さいたま市立城北中学校,さいたま市,岩槻区本宿３９２－１
埼玉県,さいたま市立桜山中学校,さいたま市,岩槻区表慈恩寺６８４－１
埼玉県,さいたま市立柏陽中学校,さいたま市,岩槻区真福寺４５４
埼玉県,さいたま市立西原中学校,さいたま市,岩槻区岩槻３７５０
埼玉県,埼玉県立岩槻商業高等学校,さいたま市,岩槻区太田１－４－１
埼玉県,埼玉県立岩槻高等学校,さいたま市,岩槻区城南１－３－３８
埼玉県,埼玉県立岩槻北陵高等学校,さいたま市,岩槻区慈恩寺１１７－２
埼玉県,さいたま市立岩槻本丸公民館,さいたま市,岩槻区本丸３－１７－１
埼玉県,さいたま市立岩槻南部公民館,さいたま市,岩槻区笹久保１３４８－１
埼玉県,さいたま市立岩槻北部公民館,さいたま市,岩槻区慈恩寺９０４－１
埼玉県,さいたま市コミュニティセンターいわつき,さいたま市,岩槻区本町１－１０－７
埼玉県,老人福祉センター槻寿苑,さいたま市,岩槻区笹久保1393
埼玉県,さいたま市民会館いわつき（さいたま市立岩槻城址公園）,さいたま市,岩槻区太田３－１－１
埼玉県,さいたま市立岩槻文化公園体育館,さいたま市,岩槻区村国２２９
埼玉県,さいたま市ふれあいプラザいわつき,さいたま市,岩槻区東岩槻６－６
埼玉県,さいたま市立岩槻城址公民館,さいたま市,岩槻区太田３－４－１
埼玉県,さいたま市立岩槻本町公民館,さいたま市,岩槻区本町４－２－２５
埼玉県,国立大学法人埼玉大学総合体育館,さいたま市,桜区下大久保２５５
埼玉県,さいたま市立内野公民館,さいたま市,西区三橋６－１４５７－１
埼玉県,川越南文化会館（建物を除く）,川越市,今福１２９５－２
埼玉県,川越西文化会館（建物を除く）,川越市,鯨井１５５６－１
埼玉県,川越市立仙波小学校,川越市,富士見町４－１
埼玉県,埼玉県立川越総合高等学校,川越市,小仙波町５－１４
埼玉県,埼玉県立川越女子高等学校,川越市,六軒町１－２３
埼玉県,埼玉県立川越工業高等学校,川越市,西小仙波町２－２８－１
埼玉県,埼玉県立川越工業高等学校グラウンド,川越市,小仙波８４７
埼玉県,川越市立中央小学校,川越市,中原町１丁目２５
埼玉県,川越市立川越第一中学校,川越市,小仙波町５丁目６
埼玉県,川越市立泉小学校,川越市,小室４６３
埼玉県,川越市立新宿小学校,川越市,新宿町６丁目９－１
埼玉県,川越市立城南中学校,川越市,新宿町３丁目１９－１
埼玉県,川越市立富士見中学校,川越市,東田町１７－１
埼玉県,川越市立野田中学校,川越市,野田町２丁目１９－１４
埼玉県,川越市立川越小学校,川越市,郭町１丁目１－１
埼玉県,川越市立月越小学校,川越市,月吉町５１
埼玉県,川越市立川越第一小学校,川越市,郭町１丁目２１
埼玉県,川越市立今成小学校,川越市,今成町２丁目４２－１
埼玉県,川越市立初雁中学校,川越市,宮下町１丁目２１－３
埼玉県,埼玉県立川越高等学校,川越市,郭町２丁目６
埼玉県,川越市立芳野中学校,川越市,石田本郷７３３
埼玉県,川越市立芳野小学校,川越市,鴨田３３１
埼玉県,川越市立東中学校,川越市,小中居２７８
埼玉県,川越市立古谷小学校,川越市,古谷上５４６５
埼玉県,教育センター,川越市,古谷上６０８３－１０
埼玉県,川越市立牛子小学校,川越市,牛子４１８
埼玉県,川越市立南古谷小学校,川越市,木野目１４５１
埼玉県,川越市立南古谷中学校,川越市,久下戸３７２１
埼玉県,川越市立砂中学校,川越市,砂２６０
埼玉県,川越市立高階小学校,川越市,砂新田５８
埼玉県,川越市立高階西中学校,川越市,砂新田２５９３
埼玉県,川越市立寺尾小学校,川越市,寺尾９７９－２
埼玉県,川越市立寺尾中学校,川越市,寺尾１０６８
埼玉県,川越市立高階中学校,川越市,藤間１０
埼玉県,川越市立高階西小学校,川越市,藤間１１０２
埼玉県,川越市立高階北小学校,川越市,砂新田１丁目１６－１
埼玉県,埼玉県立川越初雁高等学校,川越市,砂新田２５６４
埼玉県,川越市立高階南小学校,川越市,諏訪町１２－３
埼玉県,川越市立福原小学校,川越市,今福５０８
埼玉県,川越市立福原中学校,川越市,今福５１２
埼玉県,川越市立大東西中学校,川越市,藤倉１丁目１－１
埼玉県,川越市立武蔵野小学校,川越市,むさし野１４－１
埼玉県,川越市立大東東小学校,川越市,豊田本４丁目１６－１
埼玉県,川越市立大東中学校,川越市,南大塚１丁目２０－１
埼玉県,川越市立大塚小学校,川越市,大塚２丁目１０－１
埼玉県,川越市立大東西小学校,川越市,山城３２－５
埼玉県,川越市立霞ケ関中学校,川越市,笠幡７２
埼玉県,川越市立霞ケ関小学校,川越市,笠幡１７７
埼玉県,埼玉県立川越西高等学校,川越市,笠幡２４８８－１
埼玉県,川越市立霞ケ関西中学校,川越市,笠幡３４６４－３
埼玉県,川越市立霞ケ関西小学校,川越市,笠幡３９７１－４
埼玉県,川越市立霞ケ関南小学校,川越市,かすみ野１丁目１－４
埼玉県,川越市立川越西中学校,川越市,川鶴１丁目１
埼玉県,埼玉県立川越南高等学校,川越市,南大塚１丁目２１－１
埼玉県,川越市立川越西小学校,川越市,川鶴１丁目５
埼玉県,川越市立霞ケ関北小学校,川越市,伊勢原町５丁目１－１
埼玉県,川越市立霞ケ関東小学校,川越市,的場２７３５－２
埼玉県,川越市立霞ケ関東中学校,川越市,的場２７０６
埼玉県,川越市立上戸小学校,川越市,上戸３９０－１
埼玉県,川越市立鯨井中学校,川越市,鯨井５６２－２
埼玉県,川越市立名細中学校,川越市,小堤１４
埼玉県,川越市立名細小学校,川越市,小堤２１４
埼玉県,川越市立広谷小学校,川越市,下広谷５５８－１
埼玉県,川越市立山田小学校,川越市,山田１６７
埼玉県,川越市立山田中学校,川越市,山田５５０
埼玉県,岸町健康ふれあい広場,川越市,岸町３丁目３２
埼玉県,初雁公園,川越市,郭町２丁目１３－１
埼玉県,市民グランド,川越市,宮元町２３－２２
埼玉県,濯紫公園,川越市,喜多町８－１０
埼玉県,川越運動公園,川越市,下老袋３８８－１
埼玉県,並木西町公園,川越市,並木西町１６
埼玉県,高階運動広場,川越市,砂４５１－１
埼玉県,藤原町第二公園,川越市,藤原町１８－６
埼玉県,南台かすみ公園,川越市,南台２丁目１０
埼玉県,南台ふじみ公園,川越市,南台３丁目５
埼玉県,川越公園,川越市,池辺８８０
埼玉県,水久保第一公園,川越市,かすみ野１丁目１０
埼玉県,的場たぬき山公園,川越市,的場１丁目１９
埼玉県,的場原公園,川越市,的場２丁目１７
埼玉県,笠幡公園,川越市,川鶴２丁目７
埼玉県,御伊勢塚公園,川越市,伊勢原町３丁目３
埼玉県,あおい公園,川越市,上戸新町３６－５
埼玉県,みよしの公園,川越市,吉田６８５－１
埼玉県,川越市立川越高等学校,川越市,旭町２丁目３－７
埼玉県,川越市農業ふれあいセンター（建物を除く）,川越市,伊佐沼８８７
埼玉県,埼玉県立塙保己一学園,川越市,笠幡８５－１
埼玉県,埼玉県立川越特別支援学校,川越市,古谷上２６９０－１
埼玉県,伊佐沼公園,川越市,大字伊佐沼字沼田町５８４
埼玉県,かほく運動公園,川越市,霞ヶ関北６丁目３０番１
埼玉県,なぐわし公園,川越市,大字鯨井１２１６番地
埼玉県,熊谷市立熊谷東小学校,熊谷市,末広３－４－１
埼玉県,熊谷市立熊谷西小学校,熊谷市,中央１－１
埼玉県,熊谷市立石原小学校,熊谷市,石原３－１－１
埼玉県,熊谷市立熊谷南小学校,熊谷市,榎町３４３
埼玉県,熊谷市立桜木小学校,熊谷市,桜木町２－３３－１
埼玉県,熊谷市立荒川中学校,熊谷市,月見町２－１７４
埼玉県,熊谷市立富士見中学校,熊谷市,中央３－１０３
埼玉県,熊谷市立大原中学校,熊谷市,大原３－４－１
埼玉県,埼玉県立熊谷女子高等学校,熊谷市,末広２－１３１
埼玉県,埼玉県立熊谷農業高等学校,熊谷市,大原３－３－１
埼玉県,埼玉県立熊谷高等学校,熊谷市,大原１－９－１
埼玉県,熊谷市立荒川保育所,熊谷市,伊勢町３００
埼玉県,熊谷市立曙町保育所,熊谷市,曙町３－６３
埼玉県,熊谷市立箱田保育所,熊谷市,中央１－４６
埼玉県,熊谷市立銀座保育所,熊谷市,末広４－４－２２
埼玉県,熊谷市立石原保育所,熊谷市,石原３－１２１－１
埼玉県,熊谷市立市民ホール,熊谷市,仲町１９
埼玉県,熊谷市立商工会館,熊谷市,宮町２－３９
埼玉県,熊谷市立市民体育館,熊谷市,桜木町２－３３－５
埼玉県,熊谷市立文化センター,熊谷市,桜木町２－３３－２
埼玉県,熊谷市立婦人児童館,熊谷市,本石１－１０
埼玉県,熊谷市立荒川児童館,熊谷市,河原町２－１７３
埼玉県,熊谷市立東児童館,熊谷市,銀座４－９－６
埼玉県,熊谷市勤労青少年ホーム,熊谷市,石原１４０７－１
埼玉県,熊谷勤労者体育センター,熊谷市,石原１４０９－１
埼玉県,熊谷市立勤労会館,熊谷市,石原１４１０－１
埼玉県,熊谷市立箱田高齢者・児童ふれあいセンター,熊谷市,中央１－１４９
埼玉県,熊谷市立障害福祉会館,熊谷市,宮町２－６５
埼玉県,中央公園,熊谷市,宮町２－３９
埼玉県,宮町公園,熊谷市,宮町２－６８
埼玉県,東公園,熊谷市,銀座３－１
埼玉県,荒川公園,熊谷市,河原町２－１７３
埼玉県,赤城公園,熊谷市,赤城町１－１６
埼玉県,松風公園,熊谷市,赤城町１－１６７
埼玉県,堤公園,熊谷市,赤城町２－１２０
埼玉県,宮前公園,熊谷市,宮前町１－２９
埼玉県,本石公園,熊谷市,本石１－１０
埼玉県,万平公園,熊谷市,万平町１－１
埼玉県,曙公園,熊谷市,曙町４－８
埼玉県,見晴公園,熊谷市,見晴町４６０
埼玉県,石原公園,熊谷市,石原１６５２－７０
埼玉県,南運動場（伊勢町ふれあい公園),熊谷市,伊勢町９４
埼玉県,箱田第１公園,熊谷市,中央２－２１９
埼玉県,箱田第２公園,熊谷市,中央３－１６９
埼玉県,箱田第４公園,熊谷市,中央１－１４８
埼玉県,雀宮第３公園,熊谷市,肥塚５９１
埼玉県,雀宮第４公園,熊谷市,肥塚７０２－１
埼玉県,雀宮第５公園,熊谷市,肥塚５５０－１
埼玉県,熊谷市立熊谷東中学校,熊谷市,上之３１７７
埼玉県,熊谷市立成田小学校,熊谷市,上之２８１０－１
埼玉県,熊谷市立佐谷田小学校,熊谷市,佐谷田１０３０
埼玉県,熊谷市立久下小学校,熊谷市,久下８０８
埼玉県,熊谷市立星宮小学校,熊谷市,池上７３３
埼玉県,熊谷市立雀宮児童館,熊谷市,上之１３０５－１
埼玉県,老人福祉センター上之荘,熊谷市,上之３０２２－１
埼玉県,久下第１公園,熊谷市,久下１－４２
埼玉県,久下第２公園,熊谷市,久下１－１６７
埼玉県,久下第３公園,熊谷市,久下３－１０３
埼玉県,久下第４公園,熊谷市,久下４－１７１
埼玉県,佐谷田公園,熊谷市,佐谷田３７１－３
埼玉県,雀宮第１公園,熊谷市,上之１３０６
埼玉県,埼玉県立熊谷西高等学校,熊谷市,三ヶ尻２０６６
埼玉県,熊谷市立大麻生小学校,熊谷市,大麻生５１
埼玉県,熊谷市立玉井小学校,熊谷市,高柳１１６－１
埼玉県,熊谷市立別府小学校,熊谷市,西別府２９－１
埼玉県,熊谷市立三尻小学校,熊谷市,三ヶ尻２８６２－１
埼玉県,熊谷市立籠原小学校,熊谷市,新堀１１４３
埼玉県,熊谷市立新堀小学校,熊谷市,新堀１８２
埼玉県,熊谷市立玉井中学校,熊谷市,久保島８８８
埼玉県,熊谷市立大麻生中学校,熊谷市,大麻生３５－１
埼玉県,熊谷市立別府中学校,熊谷市,西別府１８１７
埼玉県,熊谷市立三尻中学校,熊谷市,三ヶ尻２７４３
埼玉県,埼玉県立熊谷商業高等学校,熊谷市,広瀬８００
埼玉県,埼玉県立熊谷工業高等学校,熊谷市,小島８２０
埼玉県,熊谷市立別府体育館,熊谷市,西別府２２５２－１
埼玉県,熊谷市立玉井保育所,熊谷市,玉井２１０５－１
埼玉県,熊谷市立籠原保育所,熊谷市,新堀１１２４
埼玉県,熊谷市新堀公民館,熊谷市,新堀２０２－１
埼玉県,熊谷文化創造館,熊谷市,拾六間１１１－１
埼玉県,老人福祉センター別府荘,熊谷市,西別府５８３－１
埼玉県,埼玉県立熊谷特別支援学校,熊谷市,川原明戸６０５
埼玉県,熊谷運動公園（熊谷さくら運動公園）,熊谷市,小島１５７－１
埼玉県,玉井公園,熊谷市,玉井１９７３－３１４
埼玉県,外原公園,熊谷市,拾六間７７４－２
埼玉県,寿公園,熊谷市,拾六間７８８－２９
埼玉県,籠原第１公園,熊谷市,新堀１１５４－１２
埼玉県,美土里町公園,熊谷市,美土里町１－２０
埼玉県,別府第１公園,熊谷市,別府２－８３
埼玉県,別府第２公園,熊谷市,別府４－４４
埼玉県,別府第３公園,熊谷市,別府５－５１
埼玉県,別府沼公園,熊谷市,西別府１４５６
埼玉県,熊谷市立中条小学校,熊谷市,上中条８９２－１
埼玉県,熊谷市立奈良小学校,熊谷市,下奈良５６１－３
埼玉県,熊谷市立大幡小学校,熊谷市,代６８１
埼玉県,熊谷市立中条中学校,熊谷市,今井５３９－１
埼玉県,熊谷市立奈良中学校,熊谷市,上奈良１０３８
埼玉県,熊谷市立大幡中学校,熊谷市,原島８３４－１
埼玉県,熊谷市立中条保育所,熊谷市,上中条８３３－１
埼玉県,スポーツ・文化村「くまぴあ」,熊谷市,原島３１５
埼玉県,大幡公園,熊谷市,柿沼７８０－１
埼玉県,熊谷スポーツ文化公園,熊谷市,上川上８１０
埼玉県,熊谷市立吉岡中学校,熊谷市,平塚新田４７９－２
埼玉県,熊谷市立吉岡小学校,熊谷市,万吉２１０３
埼玉県,熊谷市立老人憩の家吉岡荘,熊谷市,村岡１８９１－４
埼玉県,熊谷市立市田小学校,熊谷市,小泉２４３－１
埼玉県,市田保育所,熊谷市,小泉２３７
埼玉県,熊谷市立大里中学校,熊谷市,中曽根８１５－１
埼玉県,熊谷市立吉見小学校,熊谷市,箕輪７
埼玉県,箕輪集会所,熊谷市,箕輪３０５－１
埼玉県,春日文化センター,熊谷市,小八林１０３－７
埼玉県,大里体育館,熊谷市,津田２１
埼玉県,大里ふれあいセンター,熊谷市,船木台三丁目４－４
埼玉県,吉見保育所,熊谷市,向谷３７３－１
埼玉県,大境公園,熊谷市,船木台一丁目４
埼玉県,大林公園,熊谷市,船木台二丁目４
埼玉県,船木台中央公園,熊谷市,船木台三丁目４－１
埼玉県,阿諏訪野公園,熊谷市,船木台五丁目３－１
埼玉県,楓山公園,熊谷市,船木台五丁目１３－４
埼玉県,妻沼運動公園及び体育館,熊谷市,飯塚２００
埼玉県,妻沼消防署北広場,熊谷市,妻沼１７２０
埼玉県,妻沼東運動公園,熊谷市,上須戸９５２－１
埼玉県,さくら公園,熊谷市,妻沼１７２０－４
埼玉県,埼玉県立妻沼高等学校,熊谷市,弥藤吾４８０
埼玉県,熊谷市立妻沼小学校,熊谷市,妻沼１４９２
埼玉県,熊谷市立男沼小学校,熊谷市,妻沼台１３７－１
埼玉県,熊谷市立太田小学校,熊谷市,八木田５
埼玉県,熊谷市立長井小学校,熊谷市,上根３５８
埼玉県,熊谷市立秦小学校,熊谷市,葛和田８３１
埼玉県,熊谷市立小島小中学校,熊谷市,妻沼小島２１１１
埼玉県,熊谷市立妻沼南小学校,熊谷市,弥藤吾７０４
埼玉県,熊谷市立妻沼西中学校,熊谷市,弥藤吾２３５９－２
埼玉県,熊谷市立妻沼東中学校,熊谷市,妻沼４３０－１
埼玉県,妻沼中央公民館,熊谷市,妻沼東１－１
埼玉県,熊谷市立武道館,熊谷市,江波３６３
埼玉県,妻沼勤労福祉会館,熊谷市,妻沼１７０６－１
埼玉県,熊谷市立老人憩の家めぬま荘,熊谷市,葛和田９２２－１
埼玉県,日向集会所,熊谷市,日向４８１
埼玉県,上江袋集会所,熊谷市,上江袋５１９－１
埼玉県,西野集会所,熊谷市,西野２４０－１
埼玉県,善ヶ島集会所,熊谷市,善ヶ島１９５－５
埼玉県,熊谷市立江南北小学校,熊谷市,三本３５９
埼玉県,熊谷市立江南南小学校,熊谷市,小江川１８８１
埼玉県,熊谷市立江南中学校,熊谷市,江南中央２－１－１
埼玉県,江南体育館,熊谷市,江南中央２－３－１
埼玉県,老人福祉センター江南荘,熊谷市,千代１１８
埼玉県,江南農業総合センター,熊谷市,成沢４６５－１
埼玉県,江南農村センター,熊谷市,小江川１９３６－１
埼玉県,江南農業研修センター,熊谷市,板井６７１
埼玉県,江南コミュニティセンター,熊谷市,成沢１１３８－１
埼玉県,熊谷市社会福祉協議会老人デイサー
埼玉県,ビスセンター,熊谷市,弥藤吾1753
埼玉県,大坂集会所,熊谷市,御正新田1321-１
埼玉県,江南総合グラウンド,熊谷市,押切2436
埼玉県,荒川公民館,熊谷市,宮前町１－２４－１
埼玉県,別府公民館,熊谷市,西別府２２５２－１
埼玉県,農業活性化センター,熊谷市,中奈良８９７
埼玉県,中条農村センター,熊谷市,上中条８１２
埼玉県,大里生涯学習センター,熊谷市,津田１－１
埼玉県,太田公民館,熊谷市,飯塚１４１０－１
埼玉県,妻沼児童館,熊谷市,弥藤吾６９２－１
埼玉県,老人福祉センターひかわ荘,熊谷市,弥藤吾１７５５
埼玉県,江南南児童クラブ,熊谷市,須賀広５９９－１
埼玉県,江南総合文化会館,熊谷市,千代３２５－１
埼玉県,駅東第１公園,熊谷市,銀座２－１３７
埼玉県,駅東第３公園,熊谷市,銀座７－１５４
埼玉県,熊谷荒川緑地,熊谷市,熊谷２５５３－２
埼玉県,上之公園,熊谷市,上之１７７４－２
埼玉県,平戸公園,熊谷市,平戸４９３
埼玉県,玉井稲荷木第１公園,熊谷市,玉井南３－１９
埼玉県,玉井稲荷木第２公園,熊谷市,玉井南２－８８
埼玉県,玉井在家第１公園,熊谷市,玉井３－６９
埼玉県,玉井在家第２公園,熊谷市,玉井２－２４
埼玉県,玉井在家第３公園,熊谷市,玉井５－７１
埼玉県,広瀬川原公園,熊谷市,瀬南６８
埼玉県,籠原南第１公園,熊谷市,籠原南１－３０３
埼玉県,籠原南第２公園,熊谷市,籠原南１－５６
埼玉県,江南総合公園,熊谷市,板井３７７－１
埼玉県,熊谷市上須戸保育所,熊谷市,上須戸1495-1
埼玉県,熊谷市立大幡児童館,熊谷市,代597-4
埼玉県,熊谷市籠原公民館,熊谷市,新堀新田576-1
埼玉県,熊谷市西児童館,熊谷市,新堀新田576-1
埼玉県,熊谷市立江南保育所,熊谷市,千代323-1
埼玉県,籠原中央公園,熊谷市,籠原南2－102
埼玉県,籠原南第３公園,熊谷市,籠原南3－141
埼玉県,籠原南第４公園,熊谷市,籠原南3－76
埼玉県,新堀第１公園,熊谷市,籠原中央第一土地区画整理事業地内
埼玉県,新堀第２公園,熊谷市,籠原中央第一土地区画整理事業地内
埼玉県,新堀第３公園,熊谷市,籠原中央第一土地区画整理事業地内
埼玉県,新堀第４公園,熊谷市,籠原中央第一土地区画整理事業地内
埼玉県,新堀第５公園,熊谷市,籠原中央第一土地区画整理事業地内
埼玉県,川口市立グリーンセンター,川口市,新井宿７００
埼玉県,川口市立青木町公園総合運動場,川口市,西青木４－８－１
埼玉県,川口市公営競技事務所（オートレース場）,川口市,青木５－２１－１
埼玉県,川口市立東スポーツセンター,川口市,東領家２－２７－１
埼玉県,川口市立新郷スポーツセンター,川口市,東本郷８０
埼玉県,川口市立北スポーツセンター,川口市,道合３９０
埼玉県,川口市立芝スポーツセンター,川口市,芝高木２－１２－５２
埼玉県,川口市立南中学校,川口市,舟戸町２－３
埼玉県,川口市立西中学校,川口市,宮町１６－１
埼玉県,川口市立芝中学校,川口市,芝６３３０
埼玉県,川口市立安行スポーツセンター,川口市,安行領家８８０
埼玉県,戸塚榎戸公園,川口市,東川口３－１１
埼玉県,川口西公園,川口市,川口３－１
埼玉県,本町１丁目広場遊園,川口市,本町１－８
埼玉県,栄町サン緑地,川口市,栄町２－１
埼玉県,川口市立本町小学校,川口市,本町２－４－６
埼玉県,本町２丁目公園,川口市,本町２－５
埼玉県,本町公園,川口市,本町３－９
埼玉県,本三公園,川口市,本町３－１０
埼玉県,本町４丁目公園,川口市,本町４－７
埼玉県,栄町１丁目公園,川口市,栄町１－６
埼玉県,サンショッピングパーク,川口市,栄町３－１１
埼玉県,川口市立舟戸小学校,川口市,舟戸町２－１
埼玉県,川口市立幸町小学校,川口市,幸町３－８－３３
埼玉県,善光寺通り公園,川口市,川口１－２
埼玉県,川口２丁目公園,川口市,川口２－１７
埼玉県,金山町公園,川口市,金山町３
埼玉県,仲町１丁目公園,川口市,川口５－１０
埼玉県,仙太郎第１公園,川口市,川口６－６
埼玉県,飯塚三丁目公園,川口市,飯塚３－１４
埼玉県,川口市立飯塚小学校,川口市,飯塚２－１１－１
埼玉県,西川口中公園,川口市,西川口１－３１
埼玉県,仁志町児童遊園,川口市,西川口２－１３
埼玉県,川口市立仲町中学校,川口市,西川口２－１６－１
埼玉県,西川口４丁目公園,川口市,西川口４－８
埼玉県,川口市立仲町小学校,川口市,西川口５－６－１
埼玉県,仲町公園,川口市,西川口６－１６
埼玉県,川口市立原町小学校,川口市,飯原町６－５０
埼玉県,宮町公園,川口市,宮町１２
埼玉県,川口市立飯仲小学校,川口市,南町２－３－１
埼玉県,南町公園,川口市,南町２－５
埼玉県,並木町南公園,川口市,並木１－８
埼玉県,川口市立並木小学校,川口市,並木１－２４－１
埼玉県,川口市立県陽高等学校,川口市,並木１－２６－１
埼玉県,並木町東児童遊園,川口市,並木２－８
埼玉県,並木町西公園,川口市,並木３－１６
埼玉県,並木町北公園,川口市,並木３－３３
埼玉県,並木４丁目公園,川口市,並木４－２１
埼玉県,川口市立前川小学校,川口市,前川町４－１８０
埼玉県,青木１丁目公園,川口市,青木１－１５
埼玉県,青木２丁目第２公園,川口市,青木２－３
埼玉県,青木２丁目第３公園,川口市,青木２－８
埼玉県,青木町２丁目広場遊園,川口市,青木３－７
埼玉県,青木町２丁目公園,川口市,青木４－２４
埼玉県,青木４丁目公園,川口市,青木４－２７
埼玉県,川口市立青木中学校,川口市,青木５－１－１
埼玉県,青木氷川公園,川口市,青木５－１８
埼玉県,青三南公園,川口市,中青木１－１
埼玉県,青三公園,川口市,中青木２－３
埼玉県,青三北公園,川口市,中青木２－１８
埼玉県,川口市立青木中央小学校,川口市,中青木２－２１－５
埼玉県,中青木公園,川口市,中青木３－１０
埼玉県,青木町３丁目広場遊園,川口市,中青木２－２２
埼玉県,川口市立青木北小学校,川口市,西青木１－１－１
埼玉県,川口市立幸並中学校,川口市,西青木２－３－５３
埼玉県,西青木４丁目公園,川口市,西青木４－６
埼玉県,中央通り公園,川口市,上青木西２－１２
埼玉県,川口市立上青木小学校,川口市,上青木西３－８－２５
埼玉県,川口市立上青木中学校,川口市,上青木西３－９－１
埼玉県,上青木西公園,川口市,上青木西４－２７
埼玉県,上青木北西公園,川口市,上青木西５－７
埼玉県,川口市立上青木南小学校,川口市,上青木１－６－４３
埼玉県,上青木１丁目公園,川口市,上青木１－１７
埼玉県,上青木１丁目南公園,川口市,上青木１－１８
埼玉県,上青木氷川公園,川口市,上青木２－２７
埼玉県,竪川樋門公園,川口市,上青木２丁目地内
埼玉県,川口市立川口総合高等学校,川口市,上青木３－１－４０
埼玉県,上青木南公園,川口市,上青木３－１６
埼玉県,上青木北公園,川口市,上青木４－１７
埼玉県,上青木公園,川口市,上青木６－１６
埼玉県,前川１丁目児童遊園,川口市,南前川１－６
埼玉県,埼玉県立川口工業高等学校,川口市,南前川１－１０－１
埼玉県,前川南公園,川口市,南前川２－１５
埼玉県,川口市立前川東小学校,川口市,前上町１０－１
埼玉県,前川第７公園,川口市,前上町２５
埼玉県,前川第４公園,川口市,前川１－８
埼玉県,前川第５公園,川口市,前川１－２０
埼玉県,前川第６公園,川口市,前川２－１３
埼玉県,前川第２公園,川口市,前川３－２３
埼玉県,前川第１公園,川口市,前川４－１１
埼玉県,前川第３公園,川口市,前川４－２２
埼玉県,前川町第2公園,川口市,前川町4-102前川町４丁目地内
埼玉県,朝日１丁目公園,川口市,朝日１－１
埼玉県,朝日中央公園,川口市,朝日１－３
埼玉県,川口市立十二月田小学校,川口市,朝日１－１１－１
埼玉県,川口市立十二月田中学校,川口市,朝日１－１１－３
埼玉県,朝日町北公園,川口市,朝日２－３
埼玉県,朝日町公園,川口市,朝日２－１６
埼玉県,朝日３丁目公園,川口市,朝日３－１７
埼玉県,二軒在家公園,川口市,朝日４－１２
埼玉県,川口市立朝日西小学校,川口市,朝日４－１７－１２
埼玉県,朝日東第二公園,川口市,朝日５－４
埼玉県,川口市立川口高等学校,川口市,朝日５－９－１８
埼玉県,朝日東第１公園,川口市,朝日５－１２
埼玉県,川口市立朝日東小学校,川口市,朝日５－１５－１
埼玉県,朝日６丁目日の出公園,川口市,朝日６－１５－１３
埼玉県,末広１丁目第１公園,川口市,末広１－２１
埼玉県,末広１丁目第２公園,川口市,末広１－２６
埼玉県,末広２丁目公園,川口市,末広２－６
埼玉県,末広３丁目公園,川口市,末広３－１１
埼玉県,新井町公園,川口市,新井町１５
埼玉県,芝川公園,川口市,元郷１－２
埼玉県,元郷第５公園,川口市,元郷１－３１
埼玉県,元郷第７公園,川口市,元郷２－１１
埼玉県,元郷第６公園,川口市,元郷３－２２
埼玉県,川口市立元郷南小学校,川口市,元郷２－１５－２０
埼玉県,元郷学校給食センター,川口市,元郷4-11-1
埼玉県,元郷第４公園,川口市,元郷５－２１
埼玉県,元郷第３公園,川口市,元郷５－２８
埼玉県,川口市立元郷小学校,川口市,元郷６－２－１
埼玉県,弥平１丁目公園,川口市,弥平１－８
埼玉県,南平児童交通公園,川口市,弥平２－３
埼玉県,弥平町公園,川口市,弥平２－１６
埼玉県,弥平４丁目公園,川口市,弥平４－１３
埼玉県,領家第７公園,川口市,東領家１－４
埼玉県,川口市立元郷中学校,川口市,東領家１－８－３
埼玉県,領家第５公園,川口市,東領家３－２
埼玉県,川口市立東領家小学校,川口市,東領家３－５－９
埼玉県,領家第３公園,川口市,東領家３－１８
埼玉県,領家第４公園,川口市,東領家５－８
埼玉県,領家第８公園,川口市,領家１－１５
埼玉県,領家第９公園,川口市,領家２－３
埼玉県,川口市立領家中学校,川口市,領家２－１１－１５
埼玉県,領家第６公園,川口市,領家２－２９－１５
埼玉県,川口市立領家小学校,川口市,領家３－１４－１
埼玉県,川口市立東本郷小学校,川口市,東本郷６３０
埼玉県,川口市立新郷小学校,川口市,東本郷１３１３
埼玉県,東本郷台公園,川口市,東本郷１６００－４
埼玉県,緑ヶ丘第１公園,川口市,前野宿７２－７０
埼玉県,新郷若宮公園,川口市,東貝塚４７－１
埼玉県,大竹公園,川口市,大字大竹２８３－２
埼玉県,川口市立新郷東小学校,川口市,峯３６１
埼玉県,新郷峯八幡公園,川口市,峯１３０３
埼玉県,榛松第１公園,川口市,榛松１－７
埼玉県,榛松第２公園,川口市,榛松２－９
埼玉県,川口市立榛松中学校,川口市,榛松２－１０－１
埼玉県,榛松第３公園,川口市,榛松３－６
埼玉県,赤井第２公園,川口市,赤井１－２３
埼玉県,辰井公園,川口市,赤井３－７
埼玉県,赤井公園,川口市,赤井４－１４
埼玉県,新郷西沼公園,川口市,江戸１－１８
埼玉県,江戸袋第３公園,川口市,江戸袋１－２７
埼玉県,江戸袋第２公園,川口市,江戸２－１０
埼玉県,川口市立新郷南小学校,川口市,江戸３－１２－１
埼玉県,江戸袋公園,川口市,江戸３－１８
埼玉県,蓮沼公園,川口市,本蓮１－２０
埼玉県,新郷高畑公園,川口市,本蓮３－１３
埼玉県,新郷自然の森,川口市,東本郷２－８
埼玉県,川口市立東中学校,川口市,東本郷２－２０－４７
埼玉県,川口市立根岸小学校,川口市,安行領根岸１１３
埼玉県,川口市立岸川中学校,川口市,安行領根岸３７４－１
埼玉県,プロムナード21広場,川口市,安行領根岸２８０４
埼玉県,在家公園,川口市,在家町６
埼玉県,川口市立在家中学校,川口市,安行領在家２７２
埼玉県,川口市立在家小学校,川口市,安行領在家３２３
埼玉県,放山こども広場,川口市,道合１
埼玉県,川口市立北中学校,川口市,道合３６４－２
埼玉県,川口市立神根小学校,川口市,道合１１１１
埼玉県,埼玉県立川口青陵高等学校,川口市,神戸東５２０－１
埼玉県,川口市立木曽呂小学校,川口市,木曽呂３８２－２
埼玉県,埼玉県立川口北高等学校,川口市,木曽呂１４７７
埼玉県,神根西原公園,川口市,源左衛門新田３００－１０３
埼玉県,川口市立神根東小学校,川口市,石神１４４０
埼玉県,川口市立神根中学校,川口市,石神１５１５－１
埼玉県,埼玉県立川口高等学校,川口市,新井宿９６３
埼玉県,北園第１公園,川口市,北園町１０
埼玉県,北園第２公園,川口市,北園町３０
埼玉県,柳根町公園,川口市,柳根町１４
埼玉県,芝高木第３公園,川口市,芝４１１３
埼玉県,川口市立芝小学校,川口市,芝５２１８
埼玉県,芝東公園,川口市,芝東町１２
埼玉県,川口市立芝東中学校,川口市,芝東町３－１
埼玉県,川口市立芝中央小学校,川口市,芝高木２－９－１
埼玉県,小谷場公園,川口市,小谷場４１７
埼玉県,川口市立小谷場中学校,川口市,小谷場１１５６
埼玉県,芝中田西公園,川口市,芝中田１－２８
埼玉県,芝中田南公園,川口市,芝中田１－３７
埼玉県,芝中田北公園,川口市,芝中田２－３
埼玉県,芝中田東公園,川口市,芝中田２－３０
埼玉県,芝児童交通公園,川口市,芝下１－１１－２４
埼玉県,芝杉橋公園,川口市,芝１－１９
埼玉県,芝１丁目公園,川口市,芝１－４１
埼玉県,芝子供広場,川口市,芝３－１０
埼玉県,川口市立芝南小学校,川口市,芝３－１７－１
埼玉県,堀代公園,川口市,芝５－４
埼玉県,芝樋ノ爪公園,川口市,芝樋ノ爪１－１２
埼玉県,川口市立芝樋ノ爪小学校,川口市,芝樋ノ爪２－１０－４８
埼玉県,芝富士１丁目公園,川口市,芝富士１－７
埼玉県,芝富士２丁目公園,川口市,芝富士２－１４
埼玉県,川口市立芝富士小学校,川口市,芝富士２－１７－１
埼玉県,川口市教育研究所(芝園分室）,川口市,芝園町３－１７
埼玉県,芝塚原公園,川口市,芝塚原１－８
埼玉県,川口市立芝西中学校,川口市,芝塚原１－１１－１３
埼玉県,芝塚原第２公園,川口市,芝塚原２－１３
埼玉県,芝広面公園,川口市,芝西１－５
埼玉県,芝塚越公園,川口市,芝西１－２０
埼玉県,芝後谷公園,川口市,芝西２－１２
埼玉県,川口市立芝西小学校,川口市,芝西２－２０－３
埼玉県,芝後谷第２公園,川口市,芝西２－２１
埼玉県,柳崎第５公園,川口市,柳崎１－６
埼玉県,柳崎第２公園,川口市,柳崎１－２７
埼玉県,柳崎第６公園,川口市,柳崎２－６
埼玉県,川口市立柳崎小学校,川口市,柳崎４－４－１
埼玉県,柳崎公園,川口市,柳崎４－５
埼玉県,柳崎第７公園,川口市,柳崎４－２１
埼玉県,柳崎第３公園,川口市,柳崎５－６
埼玉県,芝東第８公園,川口市,大字芝４４９６
埼玉県,安行原第２公園,川口市,安行原９３０－５８
埼玉県,安行原第４公園,川口市,安行原９３０－４４
埼玉県,川口市立安行小学校,川口市,安行原２０２０
埼玉県,安行原公園,川口市,安行原２１４０－１
埼玉県,川口市立安行中学校,川口市,安行原２２２１
埼玉県,川口市立慈林小学校,川口市,安行慈林３５６
埼玉県,安行慈林上公園,川口市,安行慈林６３６
埼玉県,川口市立安行東中学校,川口市,安行３４
埼玉県,安行氷川公園,川口市,安行１０５８
埼玉県,安行天沼公園,川口市,安行吉岡１２８４
埼玉県,緑ヶ丘第２公園,川口市,安行吉岡１７００－３０
埼玉県,安行若葉台公園,川口市,安行籐八４６－４
埼玉県,安行籐八西公園,川口市,安行籐八７１５
埼玉県,安行北谷公園,川口市,安行北谷６７３
埼玉県,安行中道北公園,川口市,安行出羽１－８
埼玉県,安行出羽北公園,川口市,安行出羽２－４
埼玉県,安行出羽公園,川口市,安行出羽３－１３
埼玉県,川口市立安行東小学校,川口市,安行出羽４－１－１
埼玉県,安行出羽南公園,川口市,安行出羽５－１５
埼玉県,百観音公園,川口市,西立野４２２
埼玉県,川口市立差間小学校,川口市,差間４３０
埼玉県,川口自然公園,川口市,差間１３５５
埼玉県,戸塚佐藤第２公園,川口市,東川口２－２３
埼玉県,川口市立戸塚北小学校,川口市,東川口３－１２－１
埼玉県,戸塚柳公園,川口市,東川口４－１４
埼玉県,東川口５丁目北公園,川口市,東川口５－２１－２
埼玉県,戸塚佐藤公園,川口市,東川口６－４
埼玉県,行衛北公園,川口市,北原台１－２２
埼玉県,行衛住環通り公園,川口市,北原台１－８
埼玉県,行衛公園,川口市,北原台２－４
埼玉県,行衛野伝場公園,川口市,北原台２－１６
埼玉県,行衛大通り公園,川口市,北原台３－７
埼玉県,行衛屋敷裏公園,川口市,北原台３－１４
埼玉県,北原台公園,川口市,北原台３－２３
埼玉県,戸塚西台公園,川口市,戸塚１－２０
埼玉県,川口市立戸塚小学校,川口市,戸塚３－１３－５５
埼玉県,戸塚４丁目公園,川口市,戸塚４－２２
埼玉県,戸塚中台第２公園,川口市,戸塚５－５
埼玉県,戸塚はさみ第２公園,川口市,戸塚６－１４
埼玉県,川口市立戸塚中学校,川口市,戸塚鋏町３－１
埼玉県,戸塚はさみ公園,川口市,戸塚鋏町１２
埼玉県,戸塚南公園,川口市,戸塚鋏町２９
埼玉県,戸塚杉本公園,川口市,戸塚東１－６
埼玉県,戸塚下ヶ戸公園,川口市,戸塚東２－７
埼玉県,川口市立戸塚東小学校,川口市,戸塚東２－１８－２０
埼玉県,戸塚赤道公園,川口市,戸塚東３－１０
埼玉県,戸塚東公園,川口市,戸塚東３－３１
埼玉県,戸塚藤谷公園,川口市,戸塚東４－１１
埼玉県,戸塚中谷公園,川口市,戸塚東４－３０
埼玉県,差間中公園,川口市,差間１－１６
埼玉県,差間緑地,川口市,差間２－７
埼玉県,東沼公園,川口市,差間２－１５
埼玉県,差間後谷ッ公園,川口市,差間２－３７
埼玉県,差間箕輪入公園,川口市,差間３－１４
埼玉県,差間箕輪前公園,川口市,差間３－３０
埼玉県,長蔵新田第１公園,川口市,長蔵１－１２
埼玉県,長蔵新田第２公園,川口市,長蔵２－１２
埼玉県,長蔵新田第３公園,川口市,長蔵２－２５
埼玉県,埼玉県立川口東高等学校,川口市,長蔵３－１－１
埼玉県,長蔵新田第４公園,川口市,長蔵３－１５
埼玉県,川口市立戸塚綾瀬小学校,川口市,藤兵衛新田２３９－１
埼玉県,川口市立戸塚西中学校,川口市,西立野１０００
埼玉県,川口市立戸塚南小学校,川口市,戸塚南4-10-1
埼玉県,埼玉県立川口特別支援学校,川口市,赤井１２３４
埼玉県,並木元町公園,川口市,並木元町１-１
埼玉県,赤井少年サッカー場,川口市,赤井５２５-１
埼玉県,戸塚スポーツセンター,川口市,戸塚南３－２２－１
埼玉県,前四はなみずき公園,川口市,前川町4-205-6
埼玉県,前四くすのき公園,川口市,前川町4-238-1
埼玉県,新郷東部公園,川口市,新堀573－1
埼玉県,第二沼田公園,川口市,辻100－1
埼玉県,川口市立桜町小学校,川口市,桜町２－１２－１０
埼玉県,川口市立鳩ヶ谷小学校,川口市,鳩ヶ谷本町１－６－３
埼玉県,川口市立鳩ヶ谷中学校,川口市,鳩ヶ谷本町４－８－５
埼玉県,川口市立里中学校,川口市,大字里６２１
埼玉県,川口市立里小学校,川口市,大字里６４５－１
埼玉県,川口市立里公民館,川口市,大字里１４７８
埼玉県,川口市立八幡木中学校,川口市,八幡木１－２６－１
埼玉県,川口市立中居小学校,川口市,南鳩ヶ谷２－１－１
埼玉県,川口市立南鳩ヶ谷小学校,川口市,南鳩ヶ谷５－２０－１
埼玉県,川口市立辻小学校,川口市,南鳩ヶ谷７－２２－１
埼玉県,埼玉県立鳩ヶ谷高等学校,川口市,大字里２２５－１
埼玉県,鳩ヶ谷緑町１丁目公園,川口市,鳩ヶ谷緑町６－１
埼玉県,鳩ヶ谷緑町２丁目公園,川口市,鳩ヶ谷緑町２－１０
埼玉県,三ツ和公園,川口市,南鳩ヶ谷１－８
埼玉県,中居公園,川口市,南鳩ヶ谷２－２１
埼玉県,前田東公園,川口市,南鳩ヶ谷４－２４
埼玉県,前田西公園,川口市,南鳩ヶ谷５－２７
埼玉県,辻公園,川口市,南鳩ヶ谷７－２１
埼玉県,台公園,川口市,八幡木１－５
埼玉県,八幡木公園,川口市,八幡木１－２５
埼玉県,谷下公園,川口市,八幡木２－７
埼玉県,八幡木平柳公園,川口市,八幡木２－２６
埼玉県,大塚公園,川口市,八幡木３－９
埼玉県,上新田公園,川口市,八幡木３－１７
埼玉県,沼公園,川口市,坂下町３－５８
埼玉県,鵜の渕公園,川口市,三ツ和１－２６
埼玉県,小渕公園,川口市,三ツ和２－１６
埼玉県,高土手公園,川口市,三ツ和３－９
埼玉県,細沼公園,川口市,三ツ和１－２０
埼玉県,三ツ和平柳公園,川口市,三ツ和２－２３
埼玉県,谷中公園,川口市,三ツ和３－２１
埼玉県,ふれあいプラザさくら,川口市,桜町２-４-２４
埼玉県,前川町ふれあい公園,川口市,前川町３-６６０
埼玉県,安行慈林児童公園,川口市,安行慈林１５２
埼玉県,根堤公園,川口市,安行吉岡４０４
埼玉県,戸塚立山第2公園,川口市,戸塚南2-16
埼玉県,戸塚下台公園,川口市,戸塚南4-9
埼玉県,行田市立中央小学校,行田市,本丸７番２０号
埼玉県,行田市立忍中学校,行田市,本丸１８番６号
埼玉県,行田市商工センター,行田市,忍２丁目１番８号
埼玉県,コミュニティセンターみずしろ,行田市,本丸５番１０号
埼玉県,行田市立南小学校,行田市,佐間１丁目２５番４号
埼玉県,コミュニティセンターみずしろ分館,行田市,向町５番３号
埼玉県,行田市立行田中学校,行田市,佐間３丁目３番８号
埼玉県,行田市忍・行田公民館,行田市,佐間１丁目２２番１１号
埼玉県,行田市佐間公民館,行田市,佐間３丁目１番３７号
埼玉県,行田市持田公民館,行田市,城西５丁目９番地２６号
埼玉県,行田市立西小学校,行田市,持田３丁目５番９号
埼玉県,行田市立西中学校,行田市,大字持田６００番地
埼玉県,行田市星河公民館,行田市,大字谷郷２０８２番地
埼玉県,行田市立北小学校,行田市,大字和田９４の１番地
埼玉県,埼玉県立進修館高等学校,行田市,長野１３２０
埼玉県,行田市総合体育館,行田市,大字和田１２４２番地
埼玉県,行田市太井公民館,行田市,棚田町１丁目５８番地１０
埼玉県,行田市立泉小学校,行田市,大字持田７０番地
埼玉県,行田市立東小学校,行田市,長野２丁目２６番８号
埼玉県,行田市立長野中学校,行田市,桜町２丁目１番５５号
埼玉県,行田市立桜ヶ丘小学校,行田市,大字長野１８８０番地
埼玉県,行田市長野公民館,行田市,長野１丁目４番８号
埼玉県,行田市荒木公民館,行田市,大字荒木１１１１番地
埼玉県,行田市立荒木小学校,行田市,大字荒木１６０６番地
埼玉県,行田市立見沼中学校,行田市,大字荒木４８９２番地
埼玉県,行田市立須加小学校,行田市,大字須加４５８６番地
埼玉県,行田市須加公民館,行田市,大字須加４６５０番地の２
埼玉県,行田市立北河原小学校,行田市,大字北河原１５１７番地
埼玉県,行田市北河原公民館,行田市,大字北河原１３７８番地
埼玉県,行田市立埼玉小学校,行田市,大字埼玉４６１０番地の２
埼玉県,行田市立埼玉中学校,行田市,大字埼玉４１４３番地の１
埼玉県,行田市埼玉公民館,行田市,大字埼玉４６００番地
埼玉県,行田市立星宮小学校,行田市,大字上池守４７番地
埼玉県,行田市星宮公民館,行田市,大字上池守４６番地
埼玉県,行田市立下忍小学校,行田市,大字下忍２４５１番地
埼玉県,行田市下忍公民館,行田市,大字樋上２１４番地
埼玉県,行田市太田公民館,行田市,大字下須戸９７１番地
埼玉県,行田市立太田西小学校,行田市,大字小針３５２１番地
埼玉県,行田市立太田東小学校,行田市,大字真名板９５５番地
埼玉県,行田市立太田中学校,行田市,大字下須戸１１６４番地の１
埼玉県,行田市地域文化センター,行田市,大字真名板１１７３番地の２
埼玉県,行田市地域交流センター,行田市,大字下須戸６２９番地
埼玉県,水城公園,行田市,水城公園
埼玉県,中央児童公園,行田市,中央６番地１号
埼玉県,城西公園,行田市,城西３丁目１４番地
埼玉県,行田市役所駐車場,行田市,本丸２番５号
埼玉県,行田市民プール駐車場,行田市,本丸３番５号
埼玉県,行田市産業文化会館駐車場,行田市,本丸２番２０号
埼玉県,富士見公園,行田市,富士見町１丁目１５番地
埼玉県,富士見児童交通公園,行田市,富士見町２丁目９番地
埼玉県,さきたま古墳公園,行田市,埼玉４８３４
埼玉県,行田市門井球場,行田市,門井町２丁目２３番地
埼玉県,清水町公園,行田市,清水町１１番地
埼玉県,鶴土井公園,行田市,門井町３丁目８番地
埼玉県,壱里山公園,行田市,壱里山町１丁目５１番地
埼玉県,棚田中央公園,行田市,棚田町１丁目２番地
埼玉県,行田市総合公園,行田市,大字和田１１６５番地
埼玉県,見沼元圦公園,行田市,大字須加３７９２番地
埼玉県,古代蓮の里,行田市,小針２３７５番地１
埼玉県,総合福祉会館,行田市,大字酒巻１７３７番地１
埼玉県,向町公園,行田市,向町７番
埼玉県,埼玉県立行田特別支援学校,行田市,長野４２３５
埼玉県,行田市立南河原小学校,行田市,大字南河原７８２番地
埼玉県,行田市立南河原中学校,行田市,大字南河原１０８１番地
埼玉県,行田市南河原公民館,行田市,大字南河原８６９番地
埼玉県,ｼﾙﾊﾞｰ人材ｾﾝﾀｰ,行田市,旭町１３番２４号
埼玉県,男女共同参画推進ｾﾝﾀｰ,行田市,佐間３丁目２３番６号
埼玉県,馬見塚公園,行田市,大字馬見塚５４０番地１
埼玉県,犬塚農村公園,行田市,大字犬塚１４６０番地
埼玉県,埼玉県立総合教育センター,行田市,富士見町２丁目２４番地
埼玉県,行田市桜ヶ丘公民館,行田市,長野１８１２番地１
埼玉県,埼玉県立秩父高等学校,秩父市,上町２－２３－４５
埼玉県,秩父市立秩父第二中学校,秩父市,上町３－１３－４８
埼玉県,秩父市立花の木小学校,秩父市,上町２－２１－３７
埼玉県,秩父市立南小学校,秩父市,野坂町２－１４－２９
埼玉県,秩父市立西小学校,秩父市,金室町９－４６
埼玉県,秩父市立秩父第一小学校,秩父市,上宮地町３６－１１
埼玉県,秩父市文化体育センター,秩父市,大野原１４７０
埼玉県,秩父市立原谷小学校,秩父市,大野原２９９１
埼玉県,秩父市立尾田蒔小学校,秩父市,寺尾２３７５
埼玉県,秩父市立高篠小学校,秩父市,山田２６１９
埼玉県,秩父市立大田小学校,秩父市,太田１６６１
埼玉県,秩父市立影森小学校,秩父市,下影森１１０４
埼玉県,秩父市立久那小学校,秩父市,久那２１８３－１
埼玉県,秩父公園,秩父市,熊木町７３０－１
埼玉県,宮地グラウンド,秩父市,上宮地町
埼玉県,羊山公園,秩父市,大宮６２６７
埼玉県,秩父市聖地公園,秩父市,山田・大字大宮
埼玉県,原谷グラウンド,秩父市,大野原
埼玉県,秩父ミューズパーク,秩父市,別所
埼玉県,秩父市立吉田小学校体育館,秩父市,下吉田３８３３
埼玉県,秩父市吉田取方総合運動公園体育館,秩父市,下吉田
埼玉県,秩父市阿熊集落センター,秩父市,吉田阿熊９６６
埼玉県,秩父市上の原集落センター,秩父市,下吉田２８０８
埼玉県,秩父市立吉田中学校体育館,秩父市,下吉田６４０２－１
埼玉県,秩父市吉田農村環境改善センター（やまなみ会館）,秩父市,下吉田６５５７－１
埼玉県,秩父市吉田高齢者生産活動センター,秩父市,上吉田１７６３
埼玉県,秩父市上吉田運動公園体育館,秩父市,上吉田
埼玉県,秩父市吉田元気村,秩父市,上吉田４９４２－１
埼玉県,秩父市石間交流学習館,秩父市,吉田石間２６２０－１
埼玉県,秩父市立吉田小学校太田部分校,秩父市,吉田太田部６６４－２
埼玉県,大滝神庭交流広場,秩父市,大滝７９０－１
埼玉県,秩父市荒川総合運動公園,秩父市,荒川上田野２５０
埼玉県,秩父市立荒川東小学校,秩父市,荒川上田野１７５５
埼玉県,秩父市立荒川中学校,秩父市,荒川日野２３
埼玉県,秩父市立荒川幼稚園,秩父市,荒川日野８７－１
埼玉県,秩父市荒川公民館,秩父市,荒川日野７６－１
埼玉県,秩父市荒川農村環境改善センター,秩父市,荒川日野７０－１
埼玉県,秩父市立荒川西小学校,秩父市,荒川贄川８４０
埼玉県,埼玉県立秩父養護学校,秩父市,大宮５６７６－１
埼玉県,埼玉県立秩父農工科学高等学校,秩父市,大野原２０００
埼玉県,秩父ミューズパークスポーツの森,秩父市,久那６３７－２
埼玉県,秩父市立秩父第一中学校,秩父市,滝の上町９－２２
埼玉県,埼玉県営所沢航空記念公園,所沢市,並木１－１３
埼玉県,所沢市立所沢小学校,所沢市,元町７－３７
埼玉県,所沢市立明峰小学校,所沢市,北有楽町２６－２０
埼玉県,所沢市立所沢中学校,所沢市,けやき台２－４４－１
埼玉県,所沢市立松井小学校,所沢市,上安松８９５
埼玉県,所沢市立安松保育園,所沢市,上安松５８２
埼玉県,所沢市立安松小学校,所沢市,下安松７５５－１
埼玉県,所沢市立東中学校,所沢市,牛沼６０５－１
埼玉県,所沢市立若松小学校,所沢市,下新井１２３１－２
埼玉県,所沢市立富岡小学校,所沢市,下富６４７－５
埼玉県,所沢市立中富小学校,所沢市,中富１００４－１
埼玉県,所沢市立西富小学校,所沢市,岩岡町６７６－１
埼玉県,所沢市立富岡中学校,所沢市,神米金４０４
埼玉県,所沢市立小手指小学校,所沢市,小手指元町２－２９－２
埼玉県,所沢市立上新井小学校,所沢市,上新井5-36-7
埼玉県,所沢市立小手指中学校,所沢市,小手指元町３－２８－１１
埼玉県,所沢市立山口小学校,所沢市,山口１５５０
埼玉県,所沢市立泉小学校,所沢市,山口６５７
埼玉県,所沢市立山口中学校,所沢市,山口１３４５
埼玉県,椿峰中央公園,所沢市,山口５０５０
埼玉県,所沢市立南小学校,所沢市,南住吉１８－２９
埼玉県,所沢市立北秋津小学校,所沢市,北秋津６２３
埼玉県,所沢市立南陵中学校,所沢市,久米１４７０
埼玉県,所沢市立柳瀬小学校,所沢市,坂之下９６４
埼玉県,所沢市立柳瀬中学校,所沢市,坂之下９６０
埼玉県,所沢市立三ヶ島小学校,所沢市,三ヶ島５－７９１－４
埼玉県,所沢市立若狭小学校,所沢市,若狭１－２９４６
埼玉県,所沢市立林小学校,所沢市,和ヶ原３－９５－８
埼玉県,所沢市立三ヶ島中学校,所沢市,三ヶ島３－１４０７－１
埼玉県,所沢市立北小学校,所沢市,緑町１－１０－３３
埼玉県,緑町中央公園,所沢市,緑町１－７
埼玉県,所沢市立清進小学校,所沢市,けやき台１－３８－１
埼玉県,所沢市立伸栄小学校,所沢市,中新井１－９３－１
埼玉県,所沢市立美原小学校,所沢市,並木５－１
埼玉県,所沢市立美原中学校,所沢市,並木５－２
埼玉県,所沢市民体育館,所沢市,並木５－３
埼玉県,所沢市立向陽中学校,所沢市,向陽町２１２４
埼玉県,所沢市立宮前小学校,所沢市,東狭山ヶ丘６－２７７７－１
埼玉県,埼玉県立所沢高等学校,所沢市,久米１２３４
埼玉県,埼玉県立所沢商業高等学校,所沢市,林２－８８
埼玉県,埼玉県立所沢北高等学校,所沢市,並木５－４
埼玉県,埼玉県立所沢西高等学校,所沢市,北野新町２－５－１１
埼玉県,北野公園,所沢市,小手指町４－３
埼玉県,埼玉県立所沢中央高等学校,所沢市,並木８－２
埼玉県,富士見公園,所沢市,中新井３－２３
埼玉県,所沢市立並木小学校,所沢市,並木６－２
埼玉県,所沢市立中央中学校,所沢市,並木６－３
埼玉県,所沢市立牛沼小学校,所沢市,牛沼２１
埼玉県,所沢市立中央小学校,所沢市,並木８－４
埼玉県,所沢市立狭山ヶ丘中学校,所沢市,東狭山ヶ丘５－８９３
埼玉県,所沢市立北野小学校,所沢市,北野２－４－１
埼玉県,所沢市立椿峰小学校,所沢市,小手指南５－２０－１
埼玉県,所沢市立荒幡小学校,所沢市,荒幡６１５
埼玉県,所沢市立北中小学校,所沢市,北中１－２５０
埼玉県,所沢市立北野中学校,所沢市,北野２－４－１０
埼玉県,所沢市立安松中学校,所沢市,東所沢和田２－１９
埼玉県,所沢市立生涯学習推進センター,所沢市,並木６－４－１
埼玉県,埼玉県立芸術総合高等学校,所沢市,三ヶ島２－６９５－１
埼玉県,所沢市立上山口中学校,所沢市,上山口７２
埼玉県,所沢市立東所沢小学校,所沢市,東所沢２－２６－１
埼玉県,所沢市立和田小学校,所沢市,東所沢和田１－３９
埼玉県,道傍公園,所沢市,中富南２－２０
埼玉県,松が丘中央公園,所沢市,松が丘１－２３
埼玉県,埼玉県立所沢おおぞら特別支援学校,所沢市,南永井６１９－７
埼玉県,飯能市立飯能第一小学校,飯能市,山手町１３－８
埼玉県,飯能市立飯能第二小学校,飯能市,小瀬戸５４８－１
埼玉県,飯能市立飯能西中学校,飯能市,飯能２８７
埼玉県,埼玉県立飯能高等学校,飯能市,本町１７－１３
埼玉県,飯能市中央地区行政センター,飯能市,飯能６０－１
埼玉県,飯能市第二区地区行政センター,飯能市,小瀬戸１９－１
埼玉県,山手保育所,飯能市,山手町１９－４
埼玉県,飯能市立第二区保育所,飯能市,小瀬戸１９－１
埼玉県,飯能市市民会館,飯能市,飯能２２６－２
埼玉県,飯能市立精明小学校,飯能市,小久保５４－２
埼玉県,飯能市立富士見小学校,飯能市,双柳１－１
埼玉県,飯能市立双柳小学校,飯能市,双柳１１９４
埼玉県,飯能市立飯能第一中学校,飯能市,双柳１－１
埼玉県,飯能市精明地区行政センター,飯能市,小久保５５－１
埼玉県,飯能市富士見地区行政センター,飯能市,双柳１－１６
埼玉県,飯能市立富士見保育所,飯能市,双柳４２９－１
埼玉県,飯能市立浅間保育所,飯能市,双柳１１８５－３
埼玉県,飯能市総合福祉センター,飯能市,双柳３７１－１３
埼玉県,飯能日高消防署,飯能市,小久保２９１
埼玉県,飯能市立加治小学校,飯能市,川寺５００
埼玉県,飯能市立加治東小学校,飯能市,岩沢１２４３
埼玉県,飯能市立加治中学校,飯能市,阿須１６４－１
埼玉県,埼玉県立飯能南高等学校,飯能市,阿須２９８－２
埼玉県,飯能市加治地区行政センター,飯能市,笠縫５９－１
埼玉県,飯能市加治東地区行政センター,飯能市,岩沢１２８３－１
埼玉県,飯能市立加治保育所,飯能市,川寺５３１－４
埼玉県,飯能市立加治東保育所,飯能市,岩沢１２８３－１
埼玉県,飯能市民体育館,飯能市,阿須８１２－３
埼玉県,飯能市立美杉台小学校,飯能市,美杉台１－２９
埼玉県,飯能市立美杉台中学校,飯能市,美杉台５－３
埼玉県,飯能市美杉台地区行政センター,飯能市,美杉台１－２－１
埼玉県,飯能市立美杉台保育所,飯能市,美杉台１－２－１
埼玉県,飯能市立南高麗小学校,飯能市,下直竹３８
埼玉県,飯能市立南高麗中学校,飯能市,下直竹１０６１
埼玉県,飯能市南高麗地区行政センター,飯能市,下直竹１１２２－２
埼玉県,飯能市南高麗福祉センター,飯能市,上畑２０２
埼玉県,飯能市立旧吾野小学校,飯能市,吾野２４０－２
埼玉県,飯能市吾野地区行政センター,飯能市,吾野１８６－１
埼玉県,飯能市立旧東吾野小学校,飯能市,平戸１３０－２
埼玉県,飯能市立奥武蔵小学校,飯能市,長沢２６－２
埼玉県,飯能市立奥武蔵中学校,飯能市,長沢７３－１
埼玉県,飯能市東吾野地区行政センター,飯能市,大字虎秀１４－５
埼玉県,飯能市立吾野保育所,飯能市,長沢７８－１
埼玉県,飯能市立原市場小学校,飯能市,下赤工４４２－２
埼玉県,飯能市立原市場中学校,飯能市,原市場６４６
埼玉県,飯能市原市場地区行政センター,飯能市,原市場１０４８－１
埼玉県,飯能市立原市場保育所,飯能市,原市場１０４８－１
埼玉県,飯能市原市場福祉センター,飯能市,原市場５９９
埼玉県,飯能市立名栗小学校,飯能市,上名栗２９４４
埼玉県,飯能市立名栗中学校,飯能市,上名栗２８３３
埼玉県,飯能市名栗庁舎,飯能市,上名栗３１２５－１
埼玉県,飯能市名栗公民館分館ふるさと会館,飯能市,上名栗１７３６
埼玉県,飯能市名栗公民館分館あすなろ会館,飯能市,下名栗８４６－１
埼玉県,飯能市立名栗幼稚園,飯能市,上名栗２９５１
埼玉県,飯能市さわらびの湯,飯能市,下名栗６８５
埼玉県,飯能市名栗スポーツ広場,飯能市,上名栗３０８６
埼玉県,飯能市中央公園,飯能市,山手町及び飯能地内
埼玉県,飯能市双柳地区行政センター,飯能市,双柳９７０－２
埼玉県,加須市立加須小学校,加須市,本町４－２５
埼玉県,加須市立加須南小学校,加須市,下高柳１９９１
埼玉県,加須コミュニティセンター（加須公民館）,加須市,南町３－５１
埼玉県,市民プラザかぞ,加須市,中央２－４－１７
埼玉県,加須市立昭和中学校,加須市,北小浜７０
埼玉県,加須市立不動岡小学校,加須市,不動岡７９８
埼玉県,不動岡公民館,加須市,不動岡７９０－１
埼玉県,加須市老人福祉センター不老荘,加須市,不動岡７８２－１
埼玉県,加須市立加須西中学校,加須市,馬内１
埼玉県,加須市立三俣小学校,加須市,北小浜８５０
埼玉県,三俣コミュニティセンター（三俣公民館）,加須市,北小浜１００１－１
埼玉県,グリーンファーム加須,加須市,上三俣1728
埼玉県,加須市立礼羽小学校,加須市,礼羽５６０
埼玉県,礼羽公民館,加須市,馬内６２３
埼玉県,健康ふれあいセンター（いなほの湯）,加須市,馬内１８００－１
埼玉県,加須市立大桑小学校,加須市,南大桑３３８８－１
埼玉県,南篠崎コミュニティセンター,加須市,南篠崎２－１－６
埼玉県,大桑公民館,加須市,南大桑２８８１－１
埼玉県,川口コミュニティセンター,加須市,川口２－１２－１
埼玉県,加須市立花崎北小学校,加須市,花崎北３－１
埼玉県,加須市立加須東中学校,加須市,花崎１－２２－１
埼玉県,加須市立加須平成中学校,加須市,南大桑１８６０
埼玉県,加須市立水深小学校,加須市,大室１６５
埼玉県,水深公民館,加須市,船越１１６
埼玉県,加須市立樋遣川小学校,加須市,下樋遣川４２７
埼玉県,樋遣川公民館,加須市,下樋遣川８３５
埼玉県,加須市立加須北中学校,加須市,上樋遣川４１２８
埼玉県,加須市立志多見小学校,加須市,志多見６３３
埼玉県,志多見公民館,加須市,志多見６４５
埼玉県,加須市立大越小学校,加須市,大越２１１５
埼玉県,大越公民館,加須市,大越１９９１
埼玉県,加須未来館,加須市,外野３５０－１
埼玉県,埼玉県立不動岡高等学校,加須市,不動岡１－１７－４５
埼玉県,埼玉県立加須げんきプラザ,加須市,花崎４５６
埼玉県,加須はなさき公園,加須市,水深１７２２
埼玉県,久下公園,加須市,久下１－２３
埼玉県,花崎北公園,加須市,花崎北２－８－１
埼玉県,加須北部公園,加須市,古川２－６－１
埼玉県,加須市立騎西小学校,加須市,騎西５２番地３
埼玉県,加須市立田ヶ谷小学校,加須市,内田ヶ谷４４７番地３
埼玉県,加須市立種足小学校,加須市,中種足１２３番地
埼玉県,加須市立鴻茎小学校,加須市,鴻茎１５９６番地２
埼玉県,加須市立高柳小学校,加須市,上高柳８８９番地
埼玉県,加須市立騎西中学校,加須市,騎西１００１番地
埼玉県,騎西文化・学習センター（キャッスルきさい）,加須市,根古屋６３３番地２
埼玉県,加須市田ヶ谷総合センター,加須市,上崎２０８０番地１
埼玉県,騎西老人福祉センター,加須市,根古屋６３３番地２
埼玉県,種足コミュニティセンター,加須市,中種足１６番地２
埼玉県,高柳コミュニティセンター,加須市,日出安１３９５番地
埼玉県,鴻茎コミュニティセンター,加須市,鴻茎１１１４番地
埼玉県,玉敷公園,加須市,騎西５３５－１
埼玉県,騎西中央公園,加須市,騎西９６１
埼玉県,騎西城山公園,加須市,外川４５７－１
埼玉県,騎西総合公園,加須市,外川３６０－１
埼玉県,田ヶ谷サンスポーツランド,加須市,上崎１８５０－１
埼玉県,ふるさと広場,加須市,中種足１２３０
埼玉県,けやき公園,加須市,西ノ谷１６７－４
埼玉県,種足ふれあいの森,加須市,上種足９３７－１他
埼玉県,藤の木公園,加須市,鴻茎４４３－１
埼玉県,古宮公園,加須市,正能４
埼玉県,埼玉県立騎西特別支援学校,加須市,上種足８８８番地
埼玉県,加須市立北川辺西小学校,加須市,麦倉１１８９
埼玉県,加須市立北川辺東小学校,加須市,向古河５４
埼玉県,加須市立北川辺中学校,加須市,麦倉３７０５
埼玉県,北川辺ライスパーク,加須市,麦倉４５４
埼玉県,北川辺老人福祉センター,加須市,柏戸２０３７
埼玉県,北川辺介護サービスセンター,加須市,柳生５０－１
埼玉県,加須市立大利根東小学校,加須市,旗井８０７
埼玉県,加須市立原道小学校,加須市,細間６９９
埼玉県,原道コミュニティセンター,加須市,細間７１２
埼玉県,加須市立大利根中学校,加須市,北下新井１７０５－１
埼玉県,加須市立元和小学校,加須市,北下新井５２１－１
埼玉県,大利根集会所,加須市,琴寄９０６－１
埼玉県,大利根総合福祉会館（１００の湯）,加須市,琴寄９０３
埼玉県,大利根運動公園,加須市,北下新井６８４－１
埼玉県,加須市立豊野小学校,加須市,生出３１３－１
埼玉県,豊野コミュニティセンター,加須市,豊野台１－２４５－１０
埼玉県,大利根西部公園,加須市,新利根１－４－１
埼玉県,豊野台公園,加須市,豊野台２－７２５－３
埼玉県,ファミリーグラウンド,加須市,阿佐間７６９
埼玉県,東ヶ丘集会所,加須市,旗井１４８－５
埼玉県,大利根文化・学習センター（キャッスルきさい）,加須市,旗井１４６１－１
埼玉県,原道コミュニティセンター,加須市,細間７１０－３
埼玉県,童謡のふる里おおとね図書館（ノイエ）,加須市,琴寄５９７－１
埼玉県,豊野コミュニティセンター,加須市,豊野台１－３４５－１０
埼玉県,花崎コミュニティセンター,加須市,花崎１－２２－１６
埼玉県,北川辺領土地改良区,加須市,伊賀袋730
埼玉県,大利根子育て支援センター（ぴっぴ）,加須市,旗井1450－1
埼玉県,埼玉県水産研究所,加須市,北小浜1060-1
埼玉県,本庄市立本庄東小学校,本庄市,日の出１－２－１
埼玉県,本庄市立本庄西小学校,本庄市,千代田４－３－２
埼玉県,本庄市立藤田小学校,本庄市,牧西１１７１
埼玉県,本庄市立仁手小学校,本庄市,仁手６１８
埼玉県,本庄市立旭小学校,本庄市,都島７８
埼玉県,本庄市立北泉小学校,本庄市,北堀１８７１－１
埼玉県,本庄市立本庄南小学校,本庄市,栄３－６－２４
埼玉県,本庄市立中央小学校,本庄市,緑１－１６－１
埼玉県,本庄市立本庄東中学校,本庄市,日の出４－２－２５
埼玉県,本庄市立本庄西中学校,本庄市,千代田４－３－１
埼玉県,本庄市立本庄南中学校,本庄市,緑３－１３－１
埼玉県,埼玉県立本庄高等学校,本庄市,柏１－４－１
埼玉県,本庄市本庄東公民館,本庄市,日の出２－８－２８
埼玉県,本庄市本庄西公民館,本庄市,小島１－１０－４
埼玉県,本庄市本庄南公民館,本庄市,今井３７７－２
埼玉県,本庄市仁手公民館,本庄市,仁手６６５－１
埼玉県,本庄市旭公民館,本庄市,都島２３８－１
埼玉県,本庄市北泉公民館,本庄市,早稲田の杜５－１２－２９
埼玉県,本庄市藤田公民館,本庄市,牧西１２１０－３
埼玉県,本庄市あさひ多目的研修センター,本庄市,沼和田１００５
埼玉県,本庄市保健センター,本庄市,北堀１４２２－１
埼玉県,本庄市障害福祉センター,本庄市,いまい台２－４３
埼玉県,本庄市前原児童センター,本庄市,前原１－４－１３
埼玉県,本庄市勤労青少年ホーム,本庄市,小島南１－８－２
埼玉県,本庄市民体育館,本庄市,小島南１－８－３
埼玉県,本庄市日の出児童センター,本庄市,日の出２－５－５６
埼玉県,本庄市本庄公民館,本庄市,東台５－２－３３
埼玉県,本庄市若泉運動公園武道館,本庄市,小島６－１１－１４
埼玉県,本庄市役所,本庄市,本庄３－５－３
埼玉県,本庄市老人福祉センターつきみ荘,本庄市,大字沼和田１２７－１
埼玉県,本庄市立図書館,本庄市,千代田４－１－９
埼玉県,本庄総合公園市民球場,本庄市,北堀４３３
埼玉県,本庄市民文化会館,本庄市,北堀１４２２－３
埼玉県,埼玉県立本庄特別支援学校,本庄市,栗崎８２８
埼玉県,本庄市立児玉中学校,本庄市,児玉町八幡山４３８
埼玉県,本庄市立児玉小学校,本庄市,児玉町児玉１３５６
埼玉県,本庄市立金屋小学校,本庄市,児玉町金屋１１２５
埼玉県,本庄市立秋平小学校,本庄市,児玉町秋山２５３１
埼玉県,本庄市立本泉小学校,本庄市,児玉町河内６６０
埼玉県,本庄市立共和小学校,本庄市,児玉町蛭川９１９
埼玉県,本庄市立久美塚保育所,本庄市,児玉町児玉１４３５－１
埼玉県,旧金屋保育所,本庄市,児玉町金屋１０４９
埼玉県,秋平さくら保育園,本庄市,児玉町秋山２５２７－１
埼玉県,遊楽荘,本庄市,児玉町元田３７５－４
埼玉県,コウガの森・共和,本庄市,児玉町蛭川１６５－１
埼玉県,本庄市児玉公民館跡地,本庄市,児玉町児玉２５１０－１
埼玉県,本庄市共和公民館,本庄市,児玉町蛭川９１５－１
埼玉県,塩谷集会所,本庄市,児玉町塩谷５５９
埼玉県,下町自治会館,本庄市,児玉町児玉１６９７
埼玉県,児玉中央集会所跡地,本庄市,児玉町児玉１８２５－６
埼玉県,大久保ひろば,本庄市,児玉町児玉１１１３
埼玉県,秋山会館,本庄市,児玉町秋山１４０１
埼玉県,吉田林自治会館,本庄市,児玉町吉田林２１３
埼玉県,山王自治会館,本庄市,児玉町児玉２４２８
埼玉県,宮内東公会堂,本庄市,児玉町宮内１３５０
埼玉県,本庄市下浅見文化財収蔵庫,本庄市,児玉町下浅見８６７－１１
埼玉県,本庄市児玉文化会館,本庄市,児玉町金屋７２８－２
埼玉県,本庄市児玉総合公園体育館,本庄市,児玉町金屋７５３－１
埼玉県,埼玉県立児玉高等学校,本庄市,児玉町八幡山４１０
埼玉県,埼玉県立児玉白楊高等学校,本庄市,児玉町金屋９８０
埼玉県,本庄総合公園体育館,本庄市,北堀４３３
埼玉県,東松山市立市の川小学校,東松山市,市ノ川３０
埼玉県,埼玉県立松山高等学校,東松山市,松山町１－６－１０
埼玉県,東松山市立松山中学校,東松山市,松葉町２－６－１１
埼玉県,東松山市立松山第一小学校,東松山市,松葉町１－１－１６
埼玉県,東松山市民体育館,東松山市,松葉町４－８－２２
埼玉県,東松山市立新明小学校,東松山市,御茶山町７－１
埼玉県,東松山市立東中学校,東松山市,六反町４
埼玉県,東松山市立新宿小学校,東松山市,新宿町１４
埼玉県,埼玉県立松山女子高等学校,東松山市,和泉町２－２２
埼玉県,東松山市立北中学校,東松山市,松山１８９５－２
埼玉県,東松山市立松山第二小学校,東松山市,東平５１９－１
埼玉県,東松山市立大岡小学校,東松山市,大谷３６９９
埼玉県,東松山市立青鳥小学校,東松山市,石橋１１５０－１
埼玉県,東松山市立唐子小学校,東松山市,新郷６４２
埼玉県,唐子地区体育館,東松山市,下唐子１１６９－１
埼玉県,東松山市立南中学校,東松山市,石橋３３０
埼玉県,東松山市立高坂小学校,東松山市,高坂１１７９
埼玉県,東松山市立白山中学校,東松山市,白山台１７
埼玉県,大東文化大学緑山キャンパス,東松山市,旗立台３
埼玉県,東松山市立桜山小学校,東松山市,桜山台５
埼玉県,東松山市立野本小学校,東松山市,下野本６５０－２
埼玉県,松山市民活動センター,東松山市,松本町１－９－３５
埼玉県,平野市民活動センター,東松山市,東平５６７－１
埼玉県,大岡市民活動センター,東松山市,大谷３４００－１０
埼玉県,唐子市民活動センター,東松山市,下唐子１６０４－４
埼玉県,高坂市民活動センター,東松山市,宮鼻８６０－２
埼玉県,高坂丘陵市民活動センター,東松山市,松風台８－２
埼玉県,野本市民活動センター,東松山市,下野本６１０－１
埼玉県,埼玉県立東松山特別支援学校,東松山市,野田１３０６－１
埼玉県,春日部市立粕壁小学校,春日部市,粕壁東３－２－１９
埼玉県,春日部市立内牧小学校,春日部市,内牧２４１５－２
埼玉県,春日部市立豊春小学校,春日部市,道順川戸３７－１
埼玉県,春日部市立武里小学校,春日部市,備後西５－５－２
埼玉県,春日部市立幸松小学校,春日部市,八丁目３５３－１
埼玉県,春日部市立豊野小学校,春日部市,銚子口１０８７
埼玉県,春日部市立武里南小学校,春日部市,大枝８９武里団地２－１
埼玉県,春日部市立武里西小学校,春日部市,大場８２２－１
埼玉県,春日部市立備後小学校,春日部市,備後西３－２－１
埼玉県,春日部市立八木崎小学校,春日部市,中央４－１
埼玉県,春日部市立牛島小学校,春日部市,牛島１０８０
埼玉県,春日部市立緑小学校,春日部市,緑町５－４－１
埼玉県,春日部市立上沖小学校,春日部市,大沼５－４４
埼玉県,春日部市立正善小学校,春日部市,備後東６－２－１
埼玉県,春日部市立立野小学校,春日部市,南中曽根１０７４
埼玉県,春日部市立宮川小学校,春日部市,新方袋１０９０
埼玉県,春日部市立藤塚小学校,春日部市,藤塚８２－２
埼玉県,春日部市立小渕小学校,春日部市,小渕９０５－１
埼玉県,春日部市立春日部中学校,春日部市,粕壁４－４－１５
埼玉県,春日部市立東中学校,春日部市,樋堀１８１－１
埼玉県,春日部市立豊春中学校,春日部市,南中曽根１０７－２
埼玉県,春日部市立武里中学校,春日部市,薄谷３
埼玉県,（旧）春日部市立谷原中学校,春日部市,谷原新田１５０７
埼玉県,春日部市立大沼中学校,春日部市,大沼６－７５
埼玉県,春日部市立豊野中学校,春日部市,銚子口１３０
埼玉県,春日部市立春日部南中学校,春日部市,武里中野７４６
埼玉県,春日部市立緑中学校,春日部市,緑町５－９－３８
埼玉県,春日部市立大増中学校,春日部市,上大増新田１４０
埼玉県,春日部市民体育館,春日部市,大沼７－１２
埼玉県,春日部市民武道館,春日部市,大沼２－１０７
埼玉県,春日部市中央公民館,春日部市,粕壁６９１８－１
埼玉県,春日部市内牧地区公民館,春日部市,内牧４３９８
埼玉県,春日部市豊春地区公民館,春日部市,上蛭田１０１－２
埼玉県,春日部市武里市民センター,春日部市,備後西１－１３－２
埼玉県,春日部市幸松地区公民館,春日部市,牛島６６７－１
埼玉県,春日部市豊野地区公民館,春日部市,銚子口９９９
埼玉県,春日部市武里南地区公民館,春日部市,大枝８９武里団地７－５
埼玉県,春日部市武里東公民館,春日部市,備後東７－３８－１６
埼玉県,春日部市藤塚公民館,春日部市,藤塚１６７０－１
埼玉県,春日部市粕壁南公民館,春日部市,南１－１２－２３
埼玉県,春日部市豊春第二公民館,春日部市,豊町５－１４－１
埼玉県,春日部市幸松第二公民館,春日部市,小渕７３－１
埼玉県,春日部市内牧南公民館,春日部市,内牧１４９８
埼玉県,春日部市民文化会館,春日部市,粕壁東２－８－６１
埼玉県,春日部市大沼公園,春日部市,大沼７－１２
埼玉県,春日部市内牧公園,春日部市,内牧３０９０
埼玉県,春日部市牛島公園,春日部市,牛島６２６
埼玉県,春日部市八幡公園,春日部市,粕壁５５９７
埼玉県,春日部市一ノ割公園,春日部市,一ノ割９４７－２
埼玉県,春日部市南栄町第１近隣公園,春日部市,南栄町１７－１
埼玉県,春日部市谷原第１公園,春日部市,谷原１－３
埼玉県,春日部市武里大枝公民館,春日部市,大枝８９武里団地２－１
埼玉県,春日部市総合福祉センター,春日部市,中央２－２４－１
埼玉県,春日部市健康福祉センター,春日部市,大枝８９武里団地７－４
埼玉県,春日部市男女共同参画推進センター,春日部市,緑町３－３－１７
埼玉県,春日部市薬師沼憩いの家,春日部市,赤沼４７５
埼玉県,春日部市大池憩いの家,春日部市,南５－７－１３
埼玉県,（旧）春日部市立宝珠花小学校,春日部市,西宝珠花５９３
埼玉県,春日部市立江戸川小中学校,春日部市,上吉妻１
埼玉県,（旧）春日部市立富多小学校,春日部市,神間８７２
埼玉県,春日部市立南桜井小学校,春日部市,下柳３
埼玉県,春日部市立桜川小学校,春日部市,大衾４９６－１
埼玉県,春日部市立葛飾中学校,春日部市,永沼２２５０－１
埼玉県,春日部市立川辺小学校,春日部市,米島７５６
埼玉県,春日部市立中野小学校,春日部市,東中野６５４
埼玉県,春日部市立飯沼中学校,春日部市,飯沼１８０
埼玉県,春日部市庄和体育館,春日部市,金崎６１６
埼玉県,春日部市庄和市民センター正風館,春日部市,大衾３０７－１
埼玉県,埼玉県立春日部高等学校,春日部市,粕壁５５３９
埼玉県,埼玉県立春日部東高等学校,春日部市,樋籠３６３
埼玉県,埼玉県立春日部工業高等学校,春日部市,梅田本町１－１－１
埼玉県,埼玉県立春日部女子高等学校,春日部市,粕壁東６－１－１
埼玉県,埼玉県立庄和高等学校,春日部市,金崎５８３
埼玉県,春日部市谷中小記念館,春日部市,大場６５６-１
埼玉県,春日部市総合体育館,春日部市,谷原新田１５５７－１
埼玉県,東部地域振興ふれあい拠点施設「ふれあいキューブ」,春日部市,南一丁目１番７号
埼玉県,狭山市立入間川小学校,狭山市,鵜ノ木５－９
埼玉県,狭山市立入間川東小学校,狭山市,入間川２－７－２３
埼玉県,コミュニティセンター,狭山市,入間川４－１６－４
埼玉県,狭山市立入間川中学校,狭山市,鵜ノ木６－４６
埼玉県,埼玉県立狭山工業高等学校,狭山市,富士見２－５－１
埼玉県,狭山市立富士見小学校,狭山市,中央４－１７－１
埼玉県,狭山市立旧東中学校,狭山市,入間川１０１１
埼玉県,狭山市立中央中学校,狭山市,入間川１７５２－１
埼玉県,狭山市立新狭山小学校,狭山市,入間川１１０８
埼玉県,狭山市立入間野小学校,狭山市,北入曽９８０
埼玉県,狭山市立入間野中学校,狭山市,北入曽１０２８－１
埼玉県,狭山市立旧入間中学校,狭山市,南入曽４３３
埼玉県,狭山市立南小学校,狭山市,水野８１５－１
埼玉県,狭山市立山王小学校,狭山市,南入曽５５
埼玉県,狭山市立山王中学校,狭山市,南入曽１５７
埼玉県,狭山市立御狩場小学校,狭山市,北入曽７５５－４
埼玉県,狭山市立堀兼小学校,狭山市,堀兼１２３４
埼玉県,狭山市立堀兼中学校,狭山市,堀兼１２３７
埼玉県,老人福祉センター寿荘,狭山市,加佐志５１３－２
埼玉県,狭山市立奥富小学校,狭山市,下奥富１０１９
埼玉県,埼玉県立狭山清陵高等学校,狭山市,上奥富３４－３
埼玉県,狭山市立柏原小学校,狭山市,柏原１１４１
埼玉県,狭山市立柏原中学校,狭山市,柏原２５２０－１１
埼玉県,老人福祉センター宝荘,狭山市,柏原６１２
埼玉県,埼玉県立狭山緑陽高等学校,狭山市,広瀬東４－３－１
埼玉県,狭山市立広瀬小学校,狭山市,広瀬東４－４－１
埼玉県,狭山市立西中学校,狭山市,広瀬東３－２３－１
埼玉県,狭山市立水富小学校,狭山市,根岸２－２２－１
埼玉県,狭山市立笹井小学校,狭山市,笹井１７００
埼玉県,新狭山公園,狭山市,新狭山１－４
埼玉県,三ツ木公園,狭山市,新狭山３－３
埼玉県,中原公園,狭山市,新狭山２－１３－１
埼玉県,狭山元気プラザ,狭山市,狭山台１－２１
埼玉県,狭山台中央公園,狭山市,狭山台３－２８
埼玉県,狭山市立狭山台中学校,狭山市,狭山台４－２６
埼玉県,狭山市立狭山台小学校,狭山市,狭山台４－２５
埼玉県,埼玉県立狭山経済高等学校,狭山市,稲荷山２－６－１
埼玉県,緑の相談所,狭山市,柏原６２２
埼玉県,狭山稲荷山公園,狭山市,稲荷山１丁目地内
埼玉県,老人福祉センター不老荘,狭山市,南入曽７３７－１
埼玉県,サンパーク奥冨,狭山市,下奥富２５５２－１
埼玉県,羽生市立北小学校,羽生市,北２丁目１番１号
埼玉県,羽生市立南小学校,羽生市,南６丁目５番１号
埼玉県,羽生市立西中学校,羽生市,羽生１２０番地
埼玉県,中央地域活動センター,羽生市,中央２丁目８番１０号
埼玉県,羽生市体育館,羽生市,東９丁目１番１号
埼玉県,羽生市民プラザ,羽生市,中央３丁目７番５号
埼玉県,羽生市女性センター,羽生市,南５丁目４番３号
埼玉県,ワークヒルズ羽生,羽生市,下羽生１０１４番地１
埼玉県,埼玉県立羽生実業高等学校,羽生市,羽生３２３番地
埼玉県,埼玉県立羽生高等学校,羽生市,加羽ヶ崎３０３番地１
埼玉県,埼玉県立羽生第一高等学校,羽生市,下岩瀬１５３番地
埼玉県,新郷地域活動センター,羽生市,上新郷５６３０番地４
埼玉県,羽生市立新郷第一小学校,羽生市,上新郷５７１６番地
埼玉県,羽生市立新郷第二小学校,羽生市,下新郷１０９９番地
埼玉県,羽生市立須影小学校,羽生市,須影６７２番地
埼玉県,須影地域活動センター,羽生市,須影７１４番地
埼玉県,羽生市立南中学校,羽生市,中岩瀬２２６番地
埼玉県,羽生市立岩瀬小学校,羽生市,上岩瀬１７５６番地
埼玉県,岩瀬地域活動センター,羽生市,上岩瀬２３６７番地
埼玉県,羽生市立川俣小学校,羽生市,本川俣６２９番地
埼玉県,川俣地域活動センター,羽生市,本川俣６３０番地
埼玉県,羽生市立井泉小学校,羽生市,藤井上組２７０番地
埼玉県,井泉地域活動センター,羽生市,藤井上組２７５番地
埼玉県,羽生市立東中学校,羽生市,今泉１４４８番地
埼玉県,羽生市立手子林小学校,羽生市,下手子林５５５番地
埼玉県,手子林地域活動センター,羽生市,下手子林８０５番地
埼玉県,羽生市立三田ヶ谷小学校,羽生市,弥勒８７番地
埼玉県,三田ヶ谷地域活動センター,羽生市,弥勒６３４番地１
埼玉県,羽生市立村君小学校,羽生市,堤１０７番地
埼玉県,村君地域活動センター,羽生市,下村君２２２７番地
埼玉県,栄町公園,羽生市,西２丁目１２番地
埼玉県,小松道上公園,羽生市,西３丁目１６番地
埼玉県,大和町公園,羽生市,北３丁目７番地
埼玉県,羽生平和公園,羽生市,東６丁目２番地
埼玉県,旭町公園,羽生市,南５丁目１３番地
埼玉県,小松道下公園,羽生市,南２丁目２７番地
埼玉県,元町公園,羽生市,南２丁目１２番地
埼玉県,上新郷公園,羽生市,上新郷１８２２番地他１筆
埼玉県,大道公園,羽生市,西５丁目８番地
埼玉県,新田公園,羽生市,西５丁目１７番地
埼玉県,新田前公園,羽生市,西４丁目８番地
埼玉県,宮田第１公園,羽生市,南７丁目１５番地１
埼玉県,宮田第２公園,羽生市,南７丁目２０番地１
埼玉県,宮田第３公園,羽生市,南８丁目５番地１
埼玉県,前谷公園,羽生市,南６丁目４番地１
埼玉県,城沼公園,羽生市,東７丁目８番地５
埼玉県,稲子前公園,羽生市,東３丁目４５番地
埼玉県,栃木東公園,羽生市,東３丁目１９番地
埼玉県,栃木西公園,羽生市,東３丁目１３番地
埼玉県,大天白公園,羽生市,北２丁目９番地
埼玉県,羽生西公園,羽生市,小須賀１１０番地
埼玉県,羽生中央公園,羽生市,東９丁目地内
埼玉県,羽生水郷公園,羽生市,大字三田ヶ谷地内
埼玉県,相生町緑地公園,羽生市,中央１丁目１５３７－３
埼玉県,大沼公園,羽生市,大沼２丁目７５番地
埼玉県,小松公園,羽生市,小松２８０番地
埼玉県,小松東公園,羽生市,小松台２丁目７０５－９
埼玉県,小松南公園,羽生市,小松台１丁目６０３－３９
埼玉県,小松北公園,羽生市,小松台１丁目５１６番地９
埼玉県,葛西親水公園,羽生市,本川俣１０１３番地１
埼玉県,風の公園,羽生市,南羽生４丁目１２番地３
埼玉県,山の公園,羽生市,南羽生２丁目３１番地１３
埼玉県,羽生スイカスポーツ公園,羽生市,常木１１７５番地
埼玉県,空の公園,羽生市,南羽生１丁目２０番地１
埼玉県,光の公園,羽生市,南羽生３丁目１８番地
埼玉県,埼玉県立誠和福祉高等学校,羽生市,神戸７０６番地
埼玉県,羽生ふじ高等学園,羽生市,下羽生３２０番地１
埼玉県,上新郷町並公園,羽生市,上新郷５９８８－１
埼玉県,太陽の公園,羽生市,南羽生２丁目２４番地１
埼玉県,水質浄化センター,羽生市,大沼２丁目６３番地
埼玉県,上川崎公園,羽生市,川崎２丁目267-1
埼玉県,下川崎公園,羽生市,川崎２丁目281-30
埼玉県,鴻巣市立鴻巣南小学校,鴻巣市,本町８丁目７番２３号
埼玉県,鴻巣市立鴻巣東小学校,鴻巣市,本町６丁目４番５６号
埼玉県,鴻巣市立松原小学校,鴻巣市,原馬室２４２５番地
埼玉県,鴻巣市立馬室小学校,鴻巣市,滝馬室５５５番地
埼玉県,鴻巣市立田間宮小学校,鴻巣市,糠田２９８５番地
埼玉県,鴻巣市立箕田小学校,鴻巣市,箕田４０８番地
埼玉県,鴻巣市立赤見台第一小学校,鴻巣市,赤見台４丁目１９番１号
埼玉県,鴻巣市立鴻巣北小学校,鴻巣市,神明３丁目１８番１０号
埼玉県,鴻巣市立笠原小学校,鴻巣市,笠原１６１３番地
埼玉県,鴻巣市立常光小学校,鴻巣市,下谷３６９番地
埼玉県,鴻巣市立赤見台第二小学校,鴻巣市,赤見台２丁目６番１号
埼玉県,鴻巣市立鴻巣中央小学校,鴻巣市,中央３０番１号
埼玉県,鴻巣市立鴻巣中学校,鴻巣市,東２丁目４番６２号
埼玉県,鴻巣市立鴻巣南中学校,鴻巣市,原馬室３６８５番地
埼玉県,鴻巣市立鴻巣西中学校,鴻巣市,大間１１６１番地
埼玉県,鴻巣市立赤見台中学校,鴻巣市,赤見台４丁目２５番１号
埼玉県,鴻巣市立鴻巣北中学校,鴻巣市,箕田４２８０番地
埼玉県,埼玉県立鴻巣女子高等学校,鴻巣市,天神１丁目１－７２
埼玉県,埼玉県立鴻巣高等学校,鴻巣市,大字大間１０２０
埼玉県,鴻巣公園,鴻巣市,本町８丁目３００３
埼玉県,上谷総合公園,鴻巣市,上谷７０７
埼玉県,赤見台近隣公園,鴻巣市,赤見台３丁目４
埼玉県,東町公園,鴻巣市,東１丁目３７
埼玉県,上生出塚１号公園,鴻巣市,生出塚２丁目７８５－３７２
埼玉県,東裏１号公園,鴻巣市,東３丁目７２
埼玉県,宮地公園,鴻巣市,宮地５丁目３５
埼玉県,あじさい公園,鴻巣市,赤見台２丁目１１－１
埼玉県,さつき公園,鴻巣市,赤見台４丁目７
埼玉県,東裏２号公園,鴻巣市,東３丁目１
埼玉県,はぎ公園,鴻巣市,ひばり野２丁目１３－６９
埼玉県,ひばり野中央公園,鴻巣市,ひばり野１丁目２８６－９１
埼玉県,新宿第１公園,鴻巣市,新宿１－２２８
埼玉県,本町せせらぎ公園,鴻巣市,吹上本町２丁目２３８－２
埼玉県,富士見公園,鴻巣市,吹上富士見４－７７７－５９
埼玉県,鴻巣市高齢者福祉センターコスモス
埼玉県,の家,鴻巣市,吹上本町５－４－７
埼玉県,鴻巣市立吹上小学校,鴻巣市,南１丁目１０番５号
埼玉県,鴻巣市立小谷小学校,鴻巣市,小谷１８９０番地１
埼玉県,鴻巣市立下忍小学校,鴻巣市,鎌塚１０番地
埼玉県,鴻巣市立大芦小学校,鴻巣市,大芦９２３番地１
埼玉県,鴻巣市立吹上中学校,鴻巣市,吹上富士見１丁目６番１号
埼玉県,鴻巣市立吹上北中学校,鴻巣市,鎌塚５５０番地
埼玉県,鴻巣市吹上福祉活動センター,鴻巣市,鎌塚５７番地１
埼玉県,埼玉県立吹上高等学校,鴻巣市,前砂９０７－１
埼玉県,鴻巣市立共和小学校,鴻巣市,新井１９４番地２
埼玉県,鴻巣市共和子ども交流の家,鴻巣市,関新田２２０番地の１
埼玉県,鴻巣市立広田小学校,鴻巣市,広田３１５６番地５
埼玉県,鴻巣市立川里ふれあいセンター,鴻巣市,広田３５１７番地３
埼玉県,鴻巣市川里創作館,鴻巣市,広田２２４７番地の１
埼玉県,鴻巣市立屈巣小学校,鴻巣市,屈巣４５１５番地１
埼玉県,鴻巣市立川里中学校,鴻巣市,関新田１５６０番地１
埼玉県,川里中央公園,鴻巣市,関新田１７８０番地の１
埼玉県,鴻巣市総合福祉センター,鴻巣市,箕田４２１１－１
埼玉県,鴻巣市高齢者福祉センター白雲荘,鴻巣市,原馬室２９１７－１
埼玉県,鴻巣市高齢者福祉センターひまわり荘,鴻巣市,関新田１３００－１
埼玉県,鴻巣市立つつみ学園,鴻巣市,大間８２９－３
埼玉県,鴻巣市立コミュニティふれあいセンター,鴻巣市,登戸４４９
埼玉県,鴻巣市立市民センター,鴻巣市,赤見台１丁目１５－５
埼玉県,鴻巣市立本町コミュニティセンター,鴻巣市,本町７丁目３－２６
埼玉県,鴻巣市中央公民館,鴻巣市,本町３丁目１２－１８
埼玉県,鴻巣市箕田公民館・鴻巣市立箕田児童センター,鴻巣市,稲荷町２６－３２
埼玉県,鴻巣市笠原公民館・鴻巣市立笠原児童センター,鴻巣市,笠原７９１－１
埼玉県,鴻巣市常光公民館・鴻巣市立常光児童センター,鴻巣市,下谷１９６－１
埼玉県,鴻巣市あたご公民館・鴻巣市立あたご児童センター,鴻巣市,原馬室３４６０－１
埼玉県,鴻巣市田間宮生涯学習センター・田間宮児童センター,鴻巣市,登戸１４９
埼玉県,鴻巣市吹上生涯学習センター・吹上児童センター,鴻巣市,吹上富士見１丁目１－１
埼玉県,鴻巣市立鴻巣集会所,鴻巣市,箕田４１７３－４
埼玉県,鴻巣市立吹上ふれあいセンター,鴻巣市,下忍３９３９－２
埼玉県,鴻巣市川里農業研修センター,鴻巣市,関新田１８００
埼玉県,鴻巣市立鴻巣児童センター,鴻巣市,本町３丁目１２－２４
埼玉県,糠田運動場,鴻巣市,糠田７０７
埼玉県,せせらぎ公園,鴻巣市,中央２８
埼玉県,人形１丁目２号公園,鴻巣市,人形１丁目３１２７－１
埼玉県,中央児童公園,鴻巣市,本町３丁目２４１
埼玉県,氷川町２号公園,鴻巣市,氷川町３０
埼玉県,氷川町１号公園,鴻巣市,氷川町４
埼玉県,荒川総合運動公園,鴻巣市,大芦２５４６－１
埼玉県,あかぎ公園,鴻巣市,赤城台２１２－５１
埼玉県,ふれあい公園,鴻巣市,北根８２１－１
埼玉県,荒川パノラマ公園,鴻巣市,大芦１３６６
埼玉県,赤見台中央公園,鴻巣市,赤見台１丁目８－２
埼玉県,しいのき公園,鴻巣市,赤見台３丁目１８－２
埼玉県,すずかけ公園,鴻巣市,赤見台４丁目３１－２
埼玉県,川里生涯学習センター,川里児童セン
埼玉県,ター,鴻巣市,広田３１４１－１
埼玉県,深谷市総合体育館（深谷ビッグタートル）,深谷市,上野台２５６８
埼玉県,深谷市立深谷小学校体育館,深谷市,仲町１９－１
埼玉県,深谷市立深谷中学校体育館,深谷市,田谷４５－２
埼玉県,深谷市立深谷西小学校体育館,深谷市,栄町１４－１８
埼玉県,深谷市民体育館,深谷市,本住町１７－２
埼玉県,深谷市立藤沢小学校体育館,深谷市,人見１６２６
埼玉県,深谷市立藤沢中学校体育館,深谷市,人見１９７３
埼玉県,深谷市立桜ヶ丘小学校体育館,深谷市,上野台５０８
埼玉県,深谷市立南中学校体育館,深谷市,萱場３２０
埼玉県,深谷市立幡羅小学校体育館,深谷市,東方町３－２５－１
埼玉県,深谷市立幡羅中学校体育館,深谷市,常盤町３８
埼玉県,深谷市立常盤小学校体育館,深谷市,常盤町５８－２
埼玉県,幡羅生涯学習センター・幡羅公民館体育室,深谷市,東方１３７０
埼玉県,深谷市立明戸小学校体育館,深谷市,蓮沼４１３
埼玉県,深谷市立明戸中学校体育館,深谷市,新井１８
埼玉県,明戸公民館体育室,深谷市,蓮沼２５６
埼玉県,深谷市立大寄小学校体育館,深谷市,内ヶ島６６０
埼玉県,深谷市立八基小学校体育館,深谷市,下手計１３００
埼玉県,八基公民館多目的室,深谷市,下手計１２０４
埼玉県,深谷市立豊里小学校体育館,深谷市,新戒６３５
埼玉県,深谷市立豊里中学校体育館,深谷市,下手計５２５
埼玉県,豊里公民館体育室,深谷市,新戒６３９－１
埼玉県,深谷市立上柴東小学校体育館,深谷市,上柴町東５－９－１
埼玉県,深谷市立上柴西小学校体育館,深谷市,上柴町西５－１１－１
埼玉県,深谷市立上柴中学校体育館,深谷市,上柴町西２－２３－１
埼玉県,上柴生涯学習センター・上柴公民館体育室,深谷市,上柴町西４－２－１４
埼玉県,南公民館体育室,深谷市,宿根６４５－１
埼玉県,大寄公民館体育室,深谷市,起会８４－１
埼玉県,藤沢生涯学習センター・藤沢公民館体育室,深谷市,人見１９６７－１
埼玉県,埼玉県立深谷高等学校体育館,深谷市,宿根３１５
埼玉県,さつき公園,深谷市,常盤町６９－２
埼玉県,埼玉県立深谷商業高等学校体育館,深谷市,原郷８０
埼玉県,やよい公園,深谷市,常盤町８０－１
埼玉県,埼玉県立深谷第一高等学校体育館,深谷市,常盤町２１－１
埼玉県,緑ヶ丘公園,深谷市,緑ヶ丘２３－３４
埼玉県,桜ヶ丘公園,深谷市,桜ヶ丘２６８
埼玉県,寿町公園,深谷市,寿町１５２
埼玉県,空沢公園,深谷市,緑ヶ丘１０－６９６
埼玉県,秋元公園,深谷市,秋元町１４７
埼玉県,国済寺公園,深谷市,上柴町西１－１４－１
埼玉県,外山公園,深谷市,上柴町西１－５－１
埼玉県,上宿公園,深谷市,上柴町西６－８－１
埼玉県,南公園,深谷市,上柴町西７－１７－１
埼玉県,町裏公園,深谷市,上柴町西４－１４－１
埼玉県,西原公園,深谷市,上柴町西２－１５－１
埼玉県,諏訪公園,深谷市,上柴町東１－１５－１
埼玉県,下原公園,深谷市,上柴町東６－３－１
埼玉県,ひがし公園,深谷市,上柴町東７－１１－１
埼玉県,中原公園,深谷市,上柴町東２－１４－１
埼玉県,三島公園,深谷市,国済寺町１７
埼玉県,天神公園,深谷市,国済寺町９
埼玉県,上宿前公園,深谷市,東方町１－４
埼玉県,中宿公園,深谷市,東方町２－５
埼玉県,下宿公園,深谷市,東方町３－１０
埼玉県,南下郷公園,深谷市,東方町４－６
埼玉県,横町公園,深谷市,東方町４－２８
埼玉県,川内公園,深谷市,東方町５－１０
埼玉県,東公園,深谷市,幡羅町1丁目１４－１
埼玉県,常盤公園,深谷市,常盤町５８－２
埼玉県,上柴中央公園,深谷市,上柴町西４－１－１
埼玉県,柴崎公園,深谷市,上柴町東２－２４－１
埼玉県,つばき公園,深谷市,上柴町東５－６－１
埼玉県,東方公園,深谷市,東方町２－２３
埼玉県,深谷城址公園,深谷市,本住町１７
埼玉県,下台池公園,深谷市,西島５－１１
埼玉県,仙元山公園,深谷市,上野台宇押切地内ほか
埼玉県,稲荷団地第１公園,深谷市,稲荷町１－５－８０
埼玉県,稲荷団地第２公園,深谷市,稲荷町１－５－８２
埼玉県,組石公園,深谷市,緑ヶ丘１７－１
埼玉県,桜の園公園,深谷市,萱場３８１－１９
埼玉県,上柴団地第１公園,深谷市,上柴町西５－７－４
埼玉県,上柴団地第２公園,深谷市,上柴町西５－７－１６４
埼玉県,上柴団地第３公園,深谷市,上柴町西５－７－１５８
埼玉県,上柴団地第４公園,深谷市,上柴町東５－１６－１１８
埼玉県,杉町公園,深谷市,東方１７１０－４２
埼玉県,泉台公園,深谷市,上野台５０７－１
埼玉県,松原公園,深谷市,上野台１４５０－２３
埼玉県,中折之口公園,深谷市,折之口１８９９－１
埼玉県,西原遊園地,深谷市,原郷４－５８
埼玉県,錦町公園,深谷市,錦町７４－４６
埼玉県,天神町広場,深谷市,天神町７－２７
埼玉県,常盤町広場,深谷市,常盤町７８－１７
埼玉県,見晴町公園,深谷市,見晴町２１－２４
埼玉県,中瀬グラウンド,深谷市,中瀬７２６－１
埼玉県,北部運動公園,深谷市,起合１６２－１
埼玉県,明戸農村公園,深谷市,上増田１０５５－２
埼玉県,城下公園,深谷市,東方１５９１－３
埼玉県,折之口ふれあい公園,深谷市,折之口１４９－１
埼玉県,豊里運動公園,深谷市,中瀬裏地内
埼玉県,本田ヶ谷公園,深谷市,上増田４－１
埼玉県,大手口公園,深谷市,仲町４０１－１
埼玉県,諏訪河原公園,深谷市,町田２７７－３８
埼玉県,籠原公園,深谷市,東方３２７８－４
埼玉県,西通公園,深谷市,宿根８４－４０
埼玉県,杉石公園,深谷市,大谷２８４６－６
埼玉県,高島運動公園,深谷市,高島裏地内
埼玉県,グリーンパーク,深谷市,樫合７６３
埼玉県,ブリッジパーク,深谷市,原郷５７５
埼玉県,深谷市立榛沢小学校,深谷市,榛沢８０２－１
埼玉県,深谷市岡部浄化センター,深谷市,岡１－１
埼玉県,深谷市立岡部西小学校,深谷市,岡２９４９
埼玉県,白山公園,深谷市,岡里２０
埼玉県,ひばりヶ丘公園,深谷市,岡里４
埼玉県,岡部中央公園,深谷市,山河１３１７－１
埼玉県,岡部Ｂ＆Ｇ海洋センター,深谷市,山河１３００
埼玉県,希望ヶ岡公園(北),深谷市,岡２６５６－９
埼玉県,希望ヶ岡公園(南),深谷市,岡２６８５－１
埼玉県,深谷市立岡部中学校,深谷市,山河１２１４
埼玉県,岡部多目的センター,深谷市,普済寺１４８５－１
埼玉県,深谷市立岡部小学校,深谷市,普済寺１３０５
埼玉県,本郷農業総合センター,深谷市,針ヶ谷３９２－４
埼玉県,深谷市立本郷小学校,深谷市,針ヶ谷５０６
埼玉県,川本公民館,深谷市,菅沼１００９
埼玉県,深谷市立川本北小学校,深谷市,長在家１４３
埼玉県,深谷市立川本南小学校,深谷市,本田４８８８
埼玉県,川本農業者トレーニングセンター,深谷市,畠山１５７７
埼玉県,深谷市高齢者福祉青少年活動複合施設もくせい館,深谷市,菅沼４０１
埼玉県,深谷市立川本中学校,深谷市,田中５３０
埼玉県,深谷市立花園小学校,深谷市,小前田１４６３－１
埼玉県,深谷市立花園中学校,深谷市,小前田１９８０
埼玉県,花園生涯学習センター・花園公民館体育室,深谷市,小前田２３４５－１
埼玉県,花園農業者トレーニングセンター,深谷市,小前田２２９９
埼玉県,花園総合運動公園,深谷市,小前田２２９９－１
埼玉県,深谷市花園文化会館アドニス,深谷市,小前田２９６６
埼玉県,深谷市老人福祉センター花園荘,深谷市,荒川８６６
埼玉県,花園就業改善センター,深谷市,永田１４２０
埼玉県,深谷生涯学習センター・深谷公民館体育室,深谷市,仲町２０－２
埼玉県,上柴コミュニティセンター,深谷市,東方４２８４－１
埼玉県,下原前公園,深谷市,東方４２９４－４
埼玉県,あおぞら公園,深谷市,東方３６４２－１
埼玉県,スマイルパーク,深谷市,宿根２２９
埼玉県,利根川緑地ソフトボール場,深谷市,中瀬裏地内
埼玉県,岡部公民館,深谷市,山河１３２４－１
埼玉県,宮西公園,深谷市,榛沢３０４－２２ほか
埼玉県,櫛挽運動公園,深谷市,櫛挽１０４－１
埼玉県,岡部大寄公園,深谷市,榛沢２９３－２１ほか
埼玉県,北原山公園,深谷市,岡部２１７８－２５
埼玉県,榛の森公園,深谷市,後榛沢５７１－１ほか
埼玉県,上原農村公園,深谷市,上原３６３
埼玉県,ファミリータウン公園,深谷市,上原４３２－１
埼玉県,白草台運動公園,深谷市,白草台１５６５－３
埼玉県,白草台児童公園,深谷市,白草台２９０９－１
埼玉県,川本御稜威ヶ原公園,深谷市,長在家２８７０－４
埼玉県,武川中央公園,深谷市,菅沼１１
埼玉県,花園四季公園,深谷市,永田１４４２－２
埼玉県,ひだまりの公園,深谷市,小前田４５１－１
埼玉県,黒田公園,深谷市,黒田９３１－２
埼玉県,花園史跡記念公園,深谷市,小前田２８３９－１
埼玉県,植木の里東公園,深谷市,武蔵野３３４１
埼玉県,植木の里公園,深谷市,武蔵野３３７２
埼玉県,流ふれあい公園,深谷市,武蔵野２３９４－１
埼玉県,上尾市立上尾中学校,上尾市,愛宕３－２３－３４
埼玉県,上尾市立東中学校,上尾市,大字上尾村４７９
埼玉県,上尾市立富士見小学校,上尾市,柏座４－３－８
埼玉県,上尾市立東小学校,上尾市,大字上尾村１１７１－２
埼玉県,上尾市立中央小学校,上尾市,上町１－１５－４
埼玉県,上尾市立上尾小学校,上尾市,仲町１－１１－４６
埼玉県,上尾市立東町小学校,上尾市,東町３－１９４７
埼玉県,埼玉県立上尾特別支援学校,上尾市,東町３－２００９－３
埼玉県,埼玉県上尾運動公園,上尾市,愛宕３－２８－３０
埼玉県,緑丘公園,上尾市,緑丘５－１５－３
埼玉県,東町公園,上尾市,東町１-１４７７
埼玉県,春日第１公園,上尾市,春日１－４２
埼玉県,春日第２公園,上尾市,春日２－４
埼玉県,春日第３公園,上尾市,春日２－１９
埼玉県,原新町南公園,上尾市,原新町４－６
埼玉県,上尾市立太平中学校,上尾市,大字小敷谷２－３
埼玉県,上尾市立平方北小学校,上尾市,大字平方３６５７
埼玉県,上尾市立平方東小学校,上尾市,大字平方４３５４－２
埼玉県,上尾市立平方小学校,上尾市,大字平方１３４６－１
埼玉県,埼玉県立上尾橘高等学校,上尾市,大字平方２１８７－１
埼玉県,上尾丸山公園,上尾市,大字平方３３２６番外
埼玉県,西貝塚環境センター,上尾市,西貝塚３５－１
埼玉県,私立秀明英光高等学校,上尾市,上野１０１２
埼玉県,上尾市立瓦葺中学校,上尾市,大字瓦葺１６３
埼玉県,上尾市立原市中学校,上尾市,大字原市３４７９
埼玉県,上尾市立瓦葺小学校,上尾市,大字瓦葺２２６０
埼玉県,上尾市立尾山台小学校,上尾市,大字瓦葺５０９－１
埼玉県,上尾市立原市南小学校,上尾市,大字原市３９９０
埼玉県,上尾市立原市小学校,上尾市,大字原市３５０８－１
埼玉県,埼玉県立上尾鷹の台高等学校,上尾市,大字原市２８００
埼玉県,白山公園,上尾市,大字原市３９５０－１
埼玉県,原市台公園,上尾市,大字原市１７９５
埼玉県,稲荷公園,上尾市,原市中１－４－２
埼玉県,むじなや公園,上尾市,大字瓦葺１５２５－５
埼玉県,前原公園,上尾市,大字瓦葺２０４３－２
埼玉県,瓦葺ふれあい広場,上尾市,大字瓦葺１０３－１
埼玉県,五番町第１公園,上尾市,五番町２０
埼玉県,五番町第２公園,上尾市,五番町８-１
埼玉県,上尾市立大石中学校,上尾市,中妻４－１９
埼玉県,上尾市立大石南中学校,上尾市,大字小敷谷１１０５
埼玉県,上尾市立大石北小学校,上尾市,井戸木４－２３
埼玉県,上尾市立大石小学校,上尾市,大字小泉７４５－１
埼玉県,上尾市立大石南小学校,上尾市,大字畔吉１３３３
埼玉県,埼玉県立上尾高等学校,上尾市,浅間台１－６－１
埼玉県,浅間台大公園,上尾市,浅間台３－３５
埼玉県,鴨川中央公園,上尾市,中妻５－３３
埼玉県,浅間台第１公園,上尾市,浅間台１－１０
埼玉県,浅間台第２公園,上尾市,浅間台２－６
埼玉県,浅間台第３公園,上尾市,浅間台３－１３
埼玉県,浅間台第４公園,上尾市,浅間台４－１３
埼玉県,水神公園,上尾市,泉台１-５
埼玉県,梅田公園,上尾市,泉台２-９
埼玉県,藤見公園,上尾市,泉台３-１２
埼玉県,山王公園,上尾市,井戸木１-１２
埼玉県,東公園,上尾市,井戸木２-１２
埼玉県,新田公園,上尾市,井戸木２-４２
埼玉県,地蔵公園,上尾市,井戸木３-１２
埼玉県,井戸木公園,上尾市,井戸木４-３５
埼玉県,小泉中央公園,上尾市,大字小泉３５-１４１
埼玉県,どんぐり山公園,上尾市,小泉１-６
埼玉県,神明公園,上尾市,小泉地内
埼玉県,天神公園,上尾市,小泉地内
埼玉県,中妻第１公園,上尾市,中妻１－４
埼玉県,中妻第２公園,上尾市,中妻２－１４
埼玉県,宮前公園,上尾市,中妻３－１６
埼玉県,かえで公園,上尾市,中妻５-１３
埼玉県,大久保公園,上尾市,中分１－８－１
埼玉県,下芝公園,上尾市,中分１－１９
埼玉県,上尾市立上平中学校,上尾市,大字菅谷１２１
埼玉県,上尾市立上平北小学校,上尾市,大字南２８７
埼玉県,上尾市立上平小学校,上尾市,大字南１０２
埼玉県,上尾市立芝川小学校,上尾市,大字久保１８０
埼玉県,埼玉県立上尾かしの木特別支援学校,上尾市,平塚１２８１－１
埼玉県,平塚公園,上尾市,大字平塚１２１２番外
埼玉県,上平公園,上尾市,大字菅谷１６番外
埼玉県,平塚サッカー場,上尾市,大字平塚５３６
埼玉県,町谷第一公園,上尾市,上17－13
埼玉県,錦町中央公園,上尾市,錦町７番７
埼玉県,錦町西公園,上尾市,錦町１１番１
埼玉県,やまの下公園,上尾市,上平中央１－３
埼玉県,ぼうの下公園,上尾市,上平中央１－２５
埼玉県,なかはら公園,上尾市,上平中央２－４
埼玉県,こうしん山公園,上尾市,上平中央３－４－１
埼玉県,上尾市立大谷中学校,上尾市,向山四丁目１０
埼玉県,上尾市立南中学校,上尾市,大字大谷本郷１２４
埼玉県,上尾市立西中学校,上尾市,大字今泉５１５
埼玉県,上尾市立今泉小学校,上尾市,大字今泉２６８
埼玉県,上尾市立西小学校,上尾市,今泉１－７－２
埼玉県,上尾市立大谷小学校,上尾市,大字大谷本郷５２８
埼玉県,上尾市立鴨川小学校,上尾市,西宮下４－４００
埼玉県,埼玉県立上尾南高等学校,上尾市,大字中新井５８５
埼玉県,聖学院大学,上尾市,戸崎1－1
埼玉県,市民体育館,上尾市,向山４－３－１０
埼玉県,ゆりが丘公園,上尾市,向山４－１５
埼玉県,けやき公園,上尾市,今泉１-５-１外
埼玉県,和泉公園,上尾市,今泉１-２４
埼玉県,こどもの城公園,上尾市,今泉２７１－１
埼玉県,西宮下公園,上尾市,西宮下４－２３７－１
埼玉県,みずき公園,上尾市,向山１－４
埼玉県,もみじ公園,上尾市,向山１－２０
埼玉県,ならの木公園,上尾市,向山２－４２
埼玉県,さくら公園,上尾市,向山３-４２
埼玉県,西上尾第一団地１街区グラウンド,上尾市,大字小敷谷３２４-１
埼玉県,西上尾第一団地３街区グラウンド,上尾市,大字小敷谷８５８-２
埼玉県,西上尾第二団地中央グラウンド,上尾市,大字小敷谷７７－１
埼玉県,原市団地中央グラウンド,上尾市,大字原市３３３６
埼玉県,尾山台団地５街区広場,上尾市,大字瓦葺２７１６
埼玉県,草加市立両新田小学校,草加市,両新田西町５５
埼玉県,草加市立両新田中学校,草加市,両新田西町３６８－１
埼玉県,草加市立新里小学校,草加市,新里町７５９
埼玉県,埼玉県立草加南高等学校,草加市,柳島町６６
埼玉県,草加市立谷塚中学校,草加市,谷塚上町６２
埼玉県,草加市立谷塚小学校,草加市,谷塚仲町４４０
埼玉県,草加市立市民交流活動センター,草加市,谷塚町７５２
埼玉県,草加市立氷川小学校,草加市,氷川町４４８
埼玉県,草加市立瀬崎小学校,草加市,瀬崎２－３２－１
埼玉県,草加市立瀬崎中学校,草加市,瀬崎５－３－１
埼玉県,草加市立吉町集会所,草加市,吉町３－９－２４
埼玉県,草加市立高砂小学校,草加市,中央１－２－５
埼玉県,草加市立西町小学校,草加市,西町２７０
埼玉県,草加市立中央公民館,草加市,住吉２－９－１
埼玉県,草加市立草加小学校,草加市,住吉１－１１－６４
埼玉県,草加市立草加中学校,草加市,氷川町２１７９－４
埼玉県,草加市立花栗南小学校,草加市,花栗４－３－１
埼玉県,草加市立花栗中学校,草加市,花栗４－１５－１２
埼玉県,草加市立小山小学校,草加市,小山２－８－１
埼玉県,草加市立栄小学校,草加市,松原１－３－２
埼玉県,草加市立栄中学校,草加市,松原３－３－１
埼玉県,原町コミュニティセンター,草加市,原町１－６－１
埼玉県,草加市立清門小学校,草加市,清門３－３７－１
埼玉県,草加市立新栄中学校,草加市,新栄１－３３
埼玉県,草加市立新栄小学校,草加市,新栄４－９５９
埼玉県,草加市立長栄小学校,草加市,長栄１－７６２
埼玉県,草加市立新田中学校,草加市,長栄１－７６７
埼玉県,草加市立新田小学校,草加市,旭町６－１２－１１
埼玉県,草加市立勤労福祉会館,草加市,旭町６－１３－２０
埼玉県,市民体育館,草加市,松江1－１－８
埼玉県,草加市立稲荷小学校,草加市,稲荷５－１１－１
埼玉県,草加市立青柳小学校,草加市,青柳３－１７－１
埼玉県,草加市立八幡小学校,草加市,八幡町６５
埼玉県,埼玉県立草加高等学校,草加市,青柳５－３－１
埼玉県,草加市立川柳文化センター,草加市,青柳６－４５－１７
埼玉県,草加市立川柳中学校,草加市,青柳７－３５－１
埼玉県,草加市立川柳小学校,草加市,青柳７－２７－１０
埼玉県,草加市立八幡北小学校,草加市,八幡町１１４８
埼玉県,草加市立青柳中学校,草加市,青柳８－５８－１０
埼玉県,埼玉県立草加東高等学校,草加市,柿木町１１１０－１
埼玉県,草加市立柿木公民館,草加市,柿木町１２６３
埼玉県,草加市立松江中学校,草加市,松江３－１４－３３
埼玉県,スポーツ健康都市記念体育館,草加市,瀬崎６－３１－１
埼玉県,瀬崎コミュニティセンター,草加市,瀬崎６－６－２２
埼玉県,稲荷コミュニティセンター,草加市,稲荷４－９－１３
埼玉県,氷川コミュニティセンター,草加市,氷川町５６８－１
埼玉県,柳島コミュニティセンター,草加市,柳島町７４３－１
埼玉県,八幡コミュニティセンター,草加市,八幡町２５９
埼玉県,埼玉県立草加西高等学校,草加市,原町２－７－１
埼玉県,草加市立松原小学校,草加市,松原４－２－１
埼玉県,新田西文化センター,草加市,清門３－４９－１
埼玉県,新里文化センター,草加市,新里町９８３番地
埼玉県,越谷市大沢北交流館,越谷市,大里３２６－１
埼玉県,越谷市立桜井南小学校,越谷市,下間久里２２６
埼玉県,越谷市桜井地区センター,越谷市,下間久里７９２－１
埼玉県,埼玉県立越谷北高等学校,越谷市,大泊５００－１
埼玉県,越谷市桜井交流館,越谷市,大泊７３０－２
埼玉県,越谷市立桜井小学校,越谷市,大泊１１４０
埼玉県,越谷市立平方中学校,越谷市,平方２１１５
埼玉県,平方公園,越谷市,平方２４０２
埼玉県,越谷市立平方小学校,越谷市,平方２７８４
埼玉県,越谷市立児童館コスモス,越谷市,千間台東２－９
埼玉県,越谷市立新栄中学校,越谷市,大吉４３５
埼玉県,越谷市新方地区センター,越谷市,大吉４７０－１
埼玉県,越谷市立新方小学校,越谷市,北川崎１７８
埼玉県,越谷市立弥栄小学校,越谷市,北川崎７２５
埼玉県,越谷市立北体育館,越谷市,大杉５１０
埼玉県,大杉公園,越谷市,大杉５１８
埼玉県,越谷市立老人福祉センターくすのき荘,越谷市,大杉６５５
埼玉県,越谷市立北陽中学校,越谷市,大松４５０
埼玉県,埼玉県立越谷東高等学校,越谷市,増林５６７０－１
埼玉県,東小林記念会館,越谷市,東越谷３－１０－７
埼玉県,東越谷第二公園,越谷市,東越谷３－１４
埼玉県,越谷市立東越谷小学校,越谷市,東越谷６－１０４０
埼玉県,越谷市立東中学校,越谷市,東越谷９－３１６０
埼玉県,越谷市立総合体育館,越谷市,増林２－３３
埼玉県,越谷市立増林小学校,越谷市,増林２－５１２
埼玉県,越谷市立越谷総合公園,越谷市,増林３－１
埼玉県,越谷市立老人福祉センターゆりのき荘,越谷市,増林３－２－２
埼玉県,越谷市立花田小学校,越谷市,花田４－１４－１
埼玉県,越谷市北部市民会館,越谷市,恩間１８１－１
埼玉県,越谷市立大袋小学校,越谷市,大竹１４７
埼玉県,越谷市大袋地区センター,越谷市,大竹１６０－２
埼玉県,越谷市立大袋中学校,越谷市,大竹２３６
埼玉県,埼玉県立大学,越谷市,三野宮８２０
埼玉県,越谷市立千間台中学校,越谷市,三野宮１１４１
埼玉県,越谷市立大袋北小学校,越谷市,袋山５１５
埼玉県,越谷市大袋北交流館,越谷市,袋山５６５－４
埼玉県,越谷市立北中学校,越谷市,袋山８７０
埼玉県,越谷市立大袋東小学校,越谷市,袋山１７５０
埼玉県,越谷市立大沢北小学校,越谷市,大林５８０
埼玉県,千間台記念会館,越谷市,千間台西１－９－９
埼玉県,千間台第４公園,越谷市,千間台西４－２
埼玉県,越谷市立千間台小学校,越谷市,千間台西５－４
埼玉県,埼玉県立越谷西高等学校,越谷市,野島４６０
埼玉県,埼玉県営しらこばと水上公園,越谷市,小曽川９８５
埼玉県,しらこばと運動公園,越谷市,砂原３９
埼玉県,越谷市荻島地区センター,越谷市,南荻島１９０－１
埼玉県,越谷市立荻島小学校,越谷市,南荻島９０２
埼玉県,埼玉県民健康福祉村,越谷市,北後谷８２
埼玉県,越谷市立宮本小学校,越谷市,宮本町５－８５
埼玉県,越谷市立西中学校,越谷市,神明町２－３８５
埼玉県,越谷市立出羽小学校,越谷市,谷中町２－６９
埼玉県,埼玉県立越谷総合技術高等学校,越谷市,谷中町３－１００－１
埼玉県,越谷市立富士中学校,越谷市,七左町２－８５
埼玉県,越谷市科学技術体験センター,越谷市,新越谷1－５９
埼玉県,出羽公園,越谷市,七左町４－２２２
埼玉県,越谷市立西体育館,越谷市,七左町４－２２３
埼玉県,越谷市立大間野小学校,越谷市,大間野町２－１１５
埼玉県,越谷市立武蔵野中学校,越谷市,大間野町４－３５７
埼玉県,越谷市立老人福祉センターけやき荘,越谷市,新川町２－５５
埼玉県,越谷市立南越谷小学校,越谷市,南越谷４－２１－１
埼玉県,越谷市南越谷地区センター,越谷市,南越谷４－２１－１
埼玉県,越谷市南越谷交流館,越谷市,南越谷５－１５－４
埼玉県,南越谷第一公園,越谷市,南越谷５－２１
埼玉県,越谷市蒲生地区センター,越谷市,登戸町３３－１６
埼玉県,越谷市蒲生交流館,越谷市,蒲生寿町４－９
埼玉県,越谷市立蒲生第二小学校,越谷市,蒲生旭町１－７５
埼玉県,越谷市立蒲生小学校,越谷市,蒲生旭町１－８４
埼玉県,越谷市立児童館ヒマワリ,越谷市,蒲生旭町１１－３５
埼玉県,越谷市立蒲生南小学校,越谷市,南町１－８－１
埼玉県,越谷市南部交流館,越谷市,南町１－２２－１３
埼玉県,南部第四公園,越谷市,南町３－８
埼玉県,越谷市立南中学校,越谷市,川柳町１－１９８
埼玉県,越谷市立明正小学校,越谷市,川柳町１－４０１
埼玉県,越谷市立川柳小学校,越谷市,川柳町１－４７１－１
埼玉県,越谷市立光陽中学校,越谷市,川柳町１－４９８
埼玉県,越谷市川柳地区センター,越谷市,川柳町２－４８５
埼玉県,川柳公園,越谷市,川柳町４－１５－１
埼玉県,越谷市立南体育館,越谷市,川柳町４－２０
埼玉県,埼玉県立越谷南高等学校,越谷市,川柳町６－２２０
埼玉県,越谷市立西方小学校,越谷市,西方２－１２－１
埼玉県,越谷市大相模地区センター,越谷市,相模町３－４２－１
埼玉県,越谷市立大相模中学校,越谷市,相模町３－１６５
埼玉県,越谷市立大相模小学校,越谷市,大成町２－１
埼玉県,越谷流通公園,越谷市,流通団地３－４
埼玉県,越谷市立栄進中学校,越谷市,大沢６５９－１
埼玉県,越谷市立第１体育館,越谷市,大沢２－１０－２１
埼玉県,越谷市立第２体育館,越谷市,大沢２－１０－２１
埼玉県,越谷市大沢地区センター,越谷市,大沢２－１０－４０
埼玉県,越谷市立大沢小学校,越谷市,大沢２－１３－２１
埼玉県,越谷市立保健センター,越谷市,東大沢１－１２－１
埼玉県,越谷市立鷺後小学校,越谷市,東大沢２－１－１
埼玉県,鷺高第五公園,越谷市,東大沢５－１０
埼玉県,越谷市立北越谷小学校,越谷市,北越谷３－１０－３８
埼玉県,越谷市北越谷地区センター,越谷市,北越谷４－８－３５
埼玉県,北越谷第五公園,越谷市,北越谷５－４８２
埼玉県,緑の森公園,越谷市,越ヶ谷２５７９
埼玉県,埼玉県立越ヶ谷高等学校,越谷市,越ヶ谷２７８８－１
埼玉県,越谷市中央市民会館,越谷市,越ヶ谷４－１－１
埼玉県,越谷市立越ヶ谷小学校,越谷市,中町１－４１
埼玉県,越谷市赤山交流館,越谷市,赤山町３－１２８－１
埼玉県,越谷市立中央中学校,越谷市,宮前１－１８－１
埼玉県,埼玉県立越谷西特別支援学校,越谷市,西新井８５０－１
埼玉県,埼玉県立越谷特別支援学校,越谷市,船渡５００
埼玉県,越谷市立城ノ上小学校,越谷市,増林６０６６－１
埼玉県,越谷市増林地区センター,越谷市,増林３－４－１
埼玉県,見田方遺跡公園,越谷市,大成町５－３６０外
埼玉県,レイクタウンスポーツ公園,越谷市,東町４地内
埼玉県,越谷市出羽地区センター,越谷市,七左町4-248-1
埼玉県,越谷市立老人福祉センターひのき荘,越谷市,川柳町2-507-1
埼玉県,越谷コミユニテイセンター,越谷市,南越谷１－２８７６－１
埼玉県,獨協埼玉中学高等学校,越谷市,恩間新田３１６
埼玉県,文教大学,越谷市,南荻島３３３７
埼玉県,叡明高等学校,越谷市,レイクタウン７－９
埼玉県,錦町スポーツ広場,蕨市,錦町２－６
埼玉県,富士見公園（第２公園含む）,蕨市,錦町２－１２
埼玉県,蕨市錦町コミュニティセンター（西公民館・松原会館）,蕨市,錦町３－３－４１
埼玉県,蕨市立第二中学校,蕨市,錦町３－９－３８
埼玉県,蕨市立西小学校,蕨市,錦町５－１１－３０
埼玉県,蕨市北町コミュニティセンター（北町公民館・市民体育館・北町公園）,蕨市,北町１－２７－１５
埼玉県,蕨市立北小学校,蕨市,北町２－１１－６
埼玉県,埼玉県立蕨高等学校（体育館・格技場）,蕨市,北町５－３－８
埼玉県,旭町公民館、文化ホールくるる,蕨市,中央1－23－8
埼玉県,中央公園,蕨市,中央３－２２
埼玉県,蕨市福祉･児童センター、中の宮公園,蕨市,中央４－９－２２
埼玉県,蕨市中央コミュニティセンター（中央公民館・蕨市民会館、城址公園),蕨市,中央４－２１－２９
埼玉県,蕨市立中央小学校,蕨市,中央６－８－２５
埼玉県,蕨市立中央東小学校,蕨市,中央７－１８－７
埼玉県,下蕨公民館、下蕨公園,蕨市,中央７－４１－１
埼玉県,蕨市立南小学校,蕨市,南町１－３６－６
埼玉県,大荒田交通公園,蕨市,南町２－３
埼玉県,蕨市南町コミュニティセンター（南公民館・三和公園）,蕨市,南町２－２３－１９
埼玉県,蕨市立第一中学校,蕨市,南町３－１－２９
埼玉県,蕨市立東小学校,蕨市,塚越３－１０－３６
埼玉県,蕨市塚越コミュニティセンター（東公民館・けやき荘・塚越公園）,蕨市,塚越３－１９－１３
埼玉県,蕨市民公園,蕨市,塚越５－１
埼玉県,蕨市立塚越小学校,蕨市,塚越５－７－２０
埼玉県,蕨市立東中学校,蕨市,塚越６－７－３４
埼玉県,ふるさと土橋公園,蕨市,中央６－５
埼玉県,戸田市立喜沢小学校,戸田市,喜沢１－４８－６
埼玉県,戸田市立喜沢中学校,戸田市,喜沢南１－６－２９
埼玉県,戸田市立戸田第二小学校,戸田市,喜沢南２－２－３７
埼玉県,戸田市立戸田東小学校,戸田市,下戸田１－３－３
埼玉県,戸田市立戸田東中学校,戸田市,下戸田１－１１－１５
埼玉県,東部福祉センター,戸田市,下前１－２－２０
埼玉県,戸田市立戸田南小学校,戸田市,本町４－８－２
埼玉県,戸田市立戸田中学校,戸田市,本町５－８－４６
埼玉県,戸田市立戸田第一小学校,戸田市,上戸田３－７－５
埼玉県,新曽福祉センター,戸田市,大字新曽１３９５
埼玉県,戸田市立新曽中学校,戸田市,大字新曽１４４８
埼玉県,埼玉県立戸田翔陽高等学校,戸田市,大字新曽１０９３
埼玉県,戸田市立新曽北小学校,戸田市,大字新曽１３６７
埼玉県,戸田市立新曽小学校,戸田市,新曽南２－１３－８
埼玉県,戸田市立笹目東小学校,戸田市,笹目３－１７－１２
埼玉県,戸田市立笹目中学校,戸田市,笹目４－３８－１
埼玉県,戸田市立美谷本小学校,戸田市,美女木７－１１－３
埼玉県,戸田市立美笹中学校,戸田市,美女木５－１２－６
埼玉県,西部福祉センター,戸田市,美女木５－２－１６
埼玉県,戸田市立笹目小学校,戸田市,笹目６－９－１
埼玉県,戸田市立美女木小学校,戸田市,美女木２－３３－１
埼玉県,埼玉県立南稜高等学校,戸田市,美女木４－２３－４
埼玉県,スポーツセンター,戸田市,大字新曽１２８６
埼玉県,文化会館,戸田市,上戸田４－８－１
埼玉県,障害者福祉会館,戸田市,川岸２－４－８
埼玉県,児童センタープリムローズ,戸田市,笹目２－１９－１４
埼玉県,惣右エ門公園,戸田市,笹目１－３８
埼玉県,新田公園,戸田市,美女木３－１
埼玉県,笹目公園,戸田市,笹目７－１
埼玉県,戸田公園,戸田市,戸田公園６
埼玉県,戸田市立芦原小学校,戸田市,大字新曽１９６１
埼玉県,笹目コミュニティセンター,戸田市,戸田市笹目３-１２-１
埼玉県,上戸田地域交流センター,戸田市,上戸田２－２１－１
埼玉県,児童センターこどもの国,戸田市,本町１-１７-７
埼玉県,入間市立向原中学校,入間市,久保稲荷３丁目３４番１号
埼玉県,入間市立豊岡小学校,入間市,向陽台１丁目１番地１４
埼玉県,埼玉県立豊岡高等学校,入間市,豊岡１丁目１５番１
埼玉県,埼玉県立入間向陽高等学校,入間市,向陽台１丁目１番地１
埼玉県,入間市立豊岡中学校,入間市,向陽台２丁目１番地２０
埼玉県,入間市立東町公民館,入間市,東町３丁目１番３５号
埼玉県,富士見公園,入間市,東町１丁目１６
埼玉県,入間市立東町小学校,入間市,向陽台２丁目１００９番地３
埼玉県,入間市立東町中学校,入間市,向陽台２丁目１番地２２
埼玉県,入間市立高倉公民館,入間市,高倉４丁目６番２０号
埼玉県,入間市立高倉小学校,入間市,高倉４丁目１４番７号
埼玉県,入間市市民会館（中央公民館）,入間市,豊岡３丁目１０番１０号
埼玉県,入間市立扇町屋公民館,入間市,扇町屋１丁目９番３４号
埼玉県,入間市立扇小学校,入間市,久保稲荷４丁目１１９５番地２
埼玉県,入間市立黒須公民館,入間市,黒須２丁目３番１３号
埼玉県,入間市立黒須小学校,入間市,春日町２丁目１４番６０号
埼玉県,入間市立黒須中学校,入間市,鍵山３丁目１３番１７
埼玉県,入間市武道館,入間市,鍵山３丁目１０番２０号
埼玉県,彩の森入間公園,入間市,向陽台２丁目
埼玉県,入間市立東金子小学校,入間市,大字小谷田１５２４番地
埼玉県,入間市立新久小学校,入間市,大字新久５００番地
埼玉県,入間市立東金子中学校,入間市,大字小谷田４５１番地１
埼玉県,入間市立金子小学校,入間市,大字西三ツ木１５０番地
埼玉県,入間市立金子中学校,入間市,大字西三ツ木１８７番地
埼玉県,入間市農村環境改善センター,入間市,大字下谷ヶ貫９１５番地３
埼玉県,入間市立宮寺小学校,入間市,宮寺５９４番地１
埼玉県,入間市立武蔵中学校,入間市,宮寺３１９３番地
埼玉県,入間市立二本木公民館,入間市,大字二本木２５６番地１
埼玉県,入間市立狭山小学校,入間市,大字二本木６５番地１
埼玉県,入間市立藤沢小学校,入間市,大字上藤沢３８４番地
埼玉県,入間市立藤沢南小学校,入間市,大字上藤沢５２番地
埼玉県,入間市立上藤沢中学校,入間市,大字上藤沢１４６番地２
埼玉県,入間市立藤沢東小学校,入間市,東藤沢７丁目９番１号
埼玉県,入間市立東藤沢公民館,入間市,東藤沢３丁目１９番１９号
埼玉県,入間市立藤沢中学校,入間市,大字下藤沢１２６３番地１
埼玉県,入間市立藤沢北小学校,入間市,東町７丁目１番１９号
埼玉県,入間市立仏子小学校,入間市,大字仏子１６５番地
埼玉県,入間市立西武中学校,入間市,大字仏子９６０番地１
埼玉県,入間市立西武小学校,入間市,大字野田５１２番地
埼玉県,新光中央公園,入間市,大字新光３０３番地２
埼玉県,入間市立野田中学校,入間市,大字野田１７４１番地
埼玉県,入間市立久保稲荷公民館,入間市,久保稲荷３丁目９番地３
埼玉県,入間市立黒須地区体育館,入間市,鍵山３丁目１０番２０号
埼玉県,入間市立東金子公民館,入間市,大字小谷田７７番地３
埼玉県,入間市立東金子地区体育館,入間市,大字小谷田３７１番地
埼玉県,入間市立青少年活動センター,入間市,大字小谷田１６８１番地
埼玉県,入間市立金子公民館,入間市,大字寺竹５３５番地１
埼玉県,入間市立宮寺公民館,入間市,大字宮寺２４０５番地１
埼玉県,入間市立宮寺地区体育館,入間市,大字宮寺５６７番地
埼玉県,入間市立藤沢公民館,入間市,大字下藤沢８４６番地１
埼玉県,入間市立藤の台公民館,入間市,大字上藤沢４０６番地３１
埼玉県,入間市立藤沢地区体育館,入間市,大字下藤沢９８８番地１
埼玉県,藤沢中央公園,入間市,大字下藤沢７７３番地１
埼玉県,入間市立西武公民館,入間市,大字野田４９６番地
埼玉県,入間市立西武地区体育館,入間市,大字野田１１３４番地５７
埼玉県,埼玉県農林総合研究センター茶業研究所,入間市,大字上谷ケ貫２４４番地２
埼玉県,老人福祉センターやまゆり荘,入間市,宮寺２６５５番地１
埼玉県,入間市産業文化センター,入間市,向陽台１丁目１番地７
埼玉県,入間市勤労福祉センター,入間市,宮寺４１０２番地１７
埼玉県,入間市市民体育館,入間市,豊岡４丁目２番１号
埼玉県,運動公園,入間市,豊岡４丁目８２５番地３,他
埼玉県,中央公園,入間市,大字扇町屋１２８０番地１他
埼玉県,西武市民運動場,入間市,大字野田字丸山地内
埼玉県,入間わかくさ高等特別支援学校,入間市,小谷田７４５番地１
埼玉県,朝霞市立朝霞第一小学校,朝霞市,膝折町４－１１－７
埼玉県,朝霞市立朝霞第二小学校,朝霞市,岡３－１６－１３
埼玉県,朝霞市立朝霞第三小学校,朝霞市,大字浜崎２３０
埼玉県,朝霞市立朝霞第四小学校,朝霞市,幸町１－６－９
埼玉県,朝霞市立朝霞第五小学校,朝霞市,泉水３－１６－１
埼玉県,朝霞市立朝霞第六小学校,朝霞市,本町１－２５－１
埼玉県,朝霞市立朝霞第七小学校,朝霞市,北原２－６－１
埼玉県,朝霞市立朝霞第八小学校,朝霞市,栄町５－１－４１
埼玉県,朝霞市立朝霞第九小学校,朝霞市,大字台２９５
埼玉県,朝霞市立朝霞第十小学校,朝霞市,大字溝沼８２８－１
埼玉県,朝霞市立朝霞第一中学校,朝霞市,大字膝折２－３１
埼玉県,朝霞市立朝霞第二中学校,朝霞市,大字岡１９９
埼玉県,朝霞市立朝霞第三中学校,朝霞市,大字溝沼１０４３－１
埼玉県,朝霞市立朝霞第四中学校,朝霞市,栄町５－１－６０
埼玉県,朝霞市立朝霞第五中学校,朝霞市,大字宮戸１５８０
埼玉県,朝霞市南朝霞公民館,朝霞市,溝沼１－５－２４
埼玉県,朝霞市北朝霞公民館,朝霞市,朝志ヶ丘１－４－１
埼玉県,朝霞市東朝霞公民館,朝霞市,根岸台６－８－４５
埼玉県,朝霞市内間木公民館,朝霞市,田島２－１８－４７
埼玉県,朝霞市浜崎保育園,朝霞市,大字浜崎６６２－１
埼玉県,朝霞市東朝霞保育園,朝霞市,根岸台１－５－２７
埼玉県,朝霞市溝沼保育園,朝霞市,溝沼７－１３－１８
埼玉県,朝霞市本町保育園,朝霞市,本町１－２０－４
埼玉県,朝霞市根岸台保育園,朝霞市,根岸台８－２－４１
埼玉県,朝霞市北朝霞保育園,朝霞市,朝志ヶ丘１－３－２６
埼玉県,朝霞市栄町保育園,朝霞市,栄町１－５－４３
埼玉県,朝霞市泉水保育園,朝霞市,泉水２－１２－１１
埼玉県,青葉台公園,朝霞市,大字膝折２－３０
埼玉県,埼玉県立朝霞高等学校,朝霞市,幸町３－１３－６５
埼玉県,埼玉県立朝霞西高等学校,朝霞市,膝折上ノ原２－１７
埼玉県,志木市立志木小学校,志木市,本町１－１０－１
埼玉県,志木市立志木第二小学校,志木市,館１－２－１
埼玉県,志木市立志木第三小学校,志木市,柏町３－２－１
埼玉県,志木市立志木第四小学校,志木市,館１－４－１
埼玉県,志木市立宗岡小学校,志木市,中宗岡３－１－１
埼玉県,志木市立宗岡第二小学校,志木市,上宗岡３－１３－１
埼玉県,志木市立宗岡第三小学校,志木市,下宗岡１－１５－３０
埼玉県,志木市立宗岡第四小学校,志木市,上宗岡１－１－２
埼玉県,志木市立志木中学校,志木市,柏町３－２－２
埼玉県,志木市立志木第二中学校,志木市,館１－３－１
埼玉県,志木市立宗岡中学校,志木市,上宗岡１－８－１
埼玉県,志木市立宗岡第二中学校,志木市,下宗岡４－１－１０
埼玉県,総合福祉センター,志木市,上宗岡１－５－１
埼玉県,いろは遊学館,志木市,本町１－１０－１
埼玉県,宗岡公民館,志木市,中宗岡４－１６－１１
埼玉県,福祉センター,志木市,上宗岡１－５－１（総合福祉センター２階）
埼玉県,第二福祉センター,志木市,柏町３－５－１
埼玉県,埼玉県立志木高等学校,志木市,上宗岡１－１－１
埼玉県,和光市立白子小学校,和光市,白子３－２－１０
埼玉県,和光市立新倉小学校,和光市,新倉２－２－３９
埼玉県,和光市立第三小学校,和光市,中央１－１－４
埼玉県,和光市立第四小学校,和光市,諏訪３－２０
埼玉県,和光市立第五小学校,和光市,南１－５－１０
埼玉県,和光市立広沢小学校,和光市,広沢１－５
埼玉県,和光市立北原小学校,和光市,新倉１－５－２７
埼玉県,和光市総合児童センター,和光市,広沢１－５
埼玉県,和光市立本町小学校,和光市,本町３１－１７
埼玉県,和光市立大和中学校,和光市,丸山台２－８－８
埼玉県,和光市立第二中学校,和光市,広沢１－４
埼玉県,和光市立第三中学校,和光市,南２－２－１
埼玉県,埼玉県立和光高等学校,和光市,新倉３－２２－１
埼玉県,和光市総合体育館,和光市,広沢３－１
埼玉県,和光市中央公民館,和光市,中央１－７－２７
埼玉県,和光市南公民館,和光市,南－２－３－１
埼玉県,和光市坂下公民館,和光市,新倉３－４－１８
埼玉県,和光市白子コミュニティセンター,和光市,白子２－１５－５１
埼玉県,和光市吹上コミュニティセンター,和光市,白子３－１４－１０
埼玉県,和光市牛房コミュニティセンター,和光市,白子２－２８－１３
埼玉県,和光市新倉コミュニティセンター,和光市,新倉２－２６－１
埼玉県,和光市白子宿地域センター,和光市,白子２－２０－４０
埼玉県,和光市新倉北地域センター,和光市,新倉２－９－１０
埼玉県,埼玉県営和光樹林公園,和光市,広沢２６６０－１２
埼玉県,和光市本町地域センター,和光市,本町３－３
埼玉県,和光市南地域センター,和光市,南１－８－４７
埼玉県,和光市向山地域センター,和光市,白子１－３３－２０
埼玉県,和光市城山地域センター,和光市,白子３－４－５５
埼玉県,和光市運動場,和光市,南２－２－２
埼玉県,和光市勤労青少年ホーム,和光市,新倉１－２０－４０
埼玉県,和光市勤労福祉センター,和光市,新倉７－１０－７
埼玉県,埼玉県立和光国際高等学校,和光市,広沢４－１
埼玉県,和光市総合福祉会館,和光市,南１－２３－１
埼玉県,和光市しらこ保育園,和光市,白子３－２９－１０
埼玉県,和光市みなみ保育園,和光市,南２－３－３
埼玉県,和光市新倉高齢者福祉センター,和光市,新倉１－２０－３９
埼玉県,埼玉県立和光特別支援学校,和光市,広沢４－３
埼玉県,埼玉県立和光南特別支援学校,和光市,広沢４－５
埼玉県,和光市立下新倉小学校,和光市,下新倉５－２１－１
埼玉県,わこう助産院,和光市,下新倉２－１－２５
埼玉県,和光市新倉児童館,和光市,新倉１-３８-１
埼玉県,新座市立新座小学校,新座市,新座３丁目４番１号
埼玉県,新座市立第四中学校,新座市,大和田４丁目１７番１号
埼玉県,新座市立東北小学校,新座市,北野３丁目１番１号
埼玉県,新座市立新開小学校,新座市,大和田１丁目２２番１０号
埼玉県,新座市立大和田小学校,新座市,大和田１丁目１番３０号
埼玉県,新座市立東野小学校,新座市,野火止６丁目２２番１２号
埼玉県,新座市立第二中学校,新座市,野火止７丁目１７番１０号
埼玉県,新座市立野火止小学校,新座市,野火止４丁目９番１号
埼玉県,新座市立新座中学校,新座市,野火止２丁目４番１号
埼玉県,新座市立陣屋小学校,新座市,野火止１丁目１８番２０号
埼玉県,新座市立第四小学校,新座市,馬場３丁目６番１号
埼玉県,新座市立第三中学校,新座市,池田１丁目１番１号
埼玉県,埼玉県立新座総合技術高等学校,新座市,新塚１丁目３番１号
埼玉県,新座市立池田小学校,新座市,池田４丁目８番４９号
埼玉県,新座市立栄小学校,新座市,新塚１丁目１番１号
埼玉県,西堀公園及び西堀庭球場,新座市,本多２丁目５番１５号
埼玉県,新座市立第六中学校,新座市,堀ノ内３丁目１１番１号
埼玉県,新座市立石神小学校,新座市,石神１丁目１０番２０号
埼玉県,新座市立西堀小学校,新座市,西堀２丁目１８番３号
埼玉県,新座市立新堀小学校,新座市,新堀１丁目１６番５号
埼玉県,新座市立片山小学校,新座市,片山１丁目８番３１号
埼玉県,新座市立八石小学校,新座市,野寺２丁目８番４５号
埼玉県,新座市立栗原小学校,新座市,栗原１丁目５番１号
埼玉県,新座市立第五中学校,新座市,野寺４丁目８番１号
埼玉県,新座市立野寺小学校,新座市,野寺５丁目１番２４号
埼玉県,埼玉県立新座柳瀬高等学校,新座市,大和田４－１２－１
埼玉県,埼玉県立新座高等学校,新座市,池田１－１－２
埼玉県,新座市民総合体育館,新座市,本多２丁目１番２０号
埼玉県,新座市立畑中公民館,新座市,畑中１丁目１５番５８号
埼玉県,新座市立中央公民館,新座市,道場２丁目１４番１２号
埼玉県,新座市立栗原公民館,新座市,栗原３丁目８番３４号
埼玉県,新座市西堀・新堀コミュニティーセンター,新座市,新堀１丁目５番９号
埼玉県,新座市民会館,新座市,野火止１丁目１番２号
埼玉県,新座市立大和田公民館,新座市,大和田１丁目２６番１６号
埼玉県,ふるさと新座館（新座市立野火止公民館）,新座市,野火止６丁目１番４８号
埼玉県,栗原ふれあいの家,新座市,栗原５丁目２番１５号
埼玉県,新座市東北コミュニティーセンター,新座市,東北２丁目２８番５号
埼玉県,にいざほっとぷらざ,新座市,東北２丁目３６番１１号
埼玉県,桶川市立桶川小学校,桶川市,西１－４－２７
埼玉県,桶川市立桶川西小学校,桶川市,大字下日出谷８３６－１
埼玉県,桶川市立加納小学校,桶川市,大字坂田８８３
埼玉県,桶川市立桶川東小学校,桶川市,大字坂田２３９
埼玉県,桶川市立川田谷小学校,桶川市,大字川田谷４２１３
埼玉県,桶川市立日出谷小学校,桶川市,大字上日出谷８８５
埼玉県,桶川市立朝日小学校,桶川市,朝日２－１８－１
埼玉県,桶川市立桶川中学校,桶川市,泉１－５－１０
埼玉県,桶川市立桶川東中学校,桶川市,末広３－１９－２８
埼玉県,桶川市立桶川西中学校,桶川市,大字川田谷３６８０－１
埼玉県,桶川市立加納中学校,桶川市,大字加納１２７９
埼玉県,桶川市総合福祉センター,桶川市,末広２－８－２９
埼玉県,埼玉県立桶川高等学校,桶川市,大字坂田９４５
埼玉県,埼玉県立桶川西高等学校,桶川市,大字川田谷１５３１－２
埼玉県,桶川市加納公民館,桶川市,大字坂田９８２－５
埼玉県,桶川市農業センター,桶川市,大字川田谷４４１４
埼玉県,桶川市城山公園,桶川市,大字川田谷２８３９－１１
埼玉県,桶川市保健センター,桶川市,鴨川1-4-1
埼玉県,市民体育館サンアリーナ,桶川市,下日出谷西2-4-1
埼玉県,川田谷生涯学習センター,桶川市,大字川田谷4405-4
埼玉県,桶川市べに花ふるさと館,桶川市,桶川市加納419-1
埼玉県,久喜市立久喜小学校,久喜市,本町２丁目５番１号
埼玉県,久喜市立太田小学校,久喜市,吉羽２丁目１６番１０号
埼玉県,久喜市立江面第一小学校,久喜市,北青柳４０番地１
埼玉県,久喜市立江面第二小学校,久喜市,除堀１３８０番地
埼玉県,久喜市立清久小学校,久喜市,六万部５９０番地
埼玉県,久喜市立本町小学校,久喜市,本町７丁目６番１号
埼玉県,久喜市立青葉小学校,久喜市,青葉１丁目３番１号
埼玉県,久喜市立青毛小学校,久喜市,青毛８００番地
埼玉県,久喜市立久喜東小学校,久喜市,久喜東４丁目２５番２０号
埼玉県,久喜市立久喜北小学校,久喜市,久喜北２丁目３０番１号
埼玉県,久喜市立久喜中学校,久喜市,本町４丁目１番１号
埼玉県,久喜市立久喜南中学校,久喜市,江面８５番地
埼玉県,久喜市立久喜東中学校,久喜市,青葉３丁目４番１号
埼玉県,久喜市立太東中学校,久喜市,吉羽２４１０番地
埼玉県,久喜市立菖蒲小学校,久喜市,菖蒲町菖蒲６２５番地
埼玉県,久喜市立菖蒲東小学校,久喜市,菖蒲町菖蒲４２７番地
埼玉県,久喜市立三箇小学校,久喜市,菖蒲町台８５２番地１
埼玉県,久喜市立小林小学校,久喜市,菖蒲町小林２１９７番地
埼玉県,久喜市立栢間小学校,久喜市,菖蒲町下栢間２７２０番地
埼玉県,久喜市立菖蒲中学校,久喜市,菖蒲町上大崎８６０番地
埼玉県,久喜市立菖蒲南中学校,久喜市,菖蒲町小林１１０番地
埼玉県,久喜市立栗橋小学校,久喜市,栗橋東３－３－１
埼玉県,久喜市立栗橋東中学校,久喜市,栗橋１４２５
埼玉県,久喜市立栗橋南小学校,久喜市,南栗橋４－２１－１
埼玉県,久喜市立栗橋西中学校,久喜市,間鎌３３０－１
埼玉県,久喜市立栗橋西小学校,久喜市,佐間２６６－１
埼玉県,久喜市立砂原小学校,久喜市,砂原１－４－１
埼玉県,久喜市立鷲宮小学校,久喜市,葛梅１１３
埼玉県,久喜市立上内小学校,久喜市,上内７１６
埼玉県,久喜市立桜田小学校,久喜市,東大輪３１１
埼玉県,久喜市立鷲宮中学校,久喜市,鷲宮７８２
埼玉県,久喜市立鷲宮東中学校,久喜市,八甫４－４６
埼玉県,久喜市立鷲宮西中学校,久喜市,上内１７９７
埼玉県,久喜市立東鷲宮小学校,久喜市,桜田３－１０－１
埼玉県,栗橋公民館体育館,久喜市,栗橋中央２－７－１
埼玉県,栗橋いきいき活動センターしずか館,久喜市,栗橋中央１－１１－１
埼玉県,栗橋Ｂ＆Ｇ海洋センター,久喜市,伊坂１５５１－１
埼玉県,菖蒲老人福祉センター,久喜市,菖蒲町三箇２９０４番地
埼玉県,彩嘉園,久喜市,菖蒲町三箇１２３５番地１
埼玉県,菖蒲文化会館（アミーゴ）,久喜市,菖蒲町菖蒲８５番地１
埼玉県,栗橋文化会館（イリス）,久喜市,伊坂１５５７
埼玉県,農村センター（南公民館）,久喜市,北青柳５１番地２
埼玉県,ふれあいセンター久喜,久喜市,青毛７５３番地１
埼玉県,健康福祉センター（くりむ）,久喜市,間鎌２５５－１
埼玉県,総合運動公園,久喜市,江面1616番地
埼玉県,青葉４丁目公園,久喜市,青葉４丁目１１番
埼玉県,青葉５丁目公園,久喜市,青葉５丁目８番
埼玉県,向地児童公園,久喜市,久喜東３丁目３１番
埼玉県,青葉公園,久喜市,青葉３丁目１番
埼玉県,清久公園,久喜市,清久町９番地
埼玉県,青葉公民館,久喜市,青葉１丁目２番１号
埼玉県,清久コミュニティセンター・西公民館,久喜市,上清久１４８９番地２
埼玉県,東公民館,久喜市,久喜東１丁目２７番２０号
埼玉県,中央公民館,久喜市,久喜中央４丁目７番７号
埼玉県,森下公民館,久喜市,菖蒲町下栢間５４９５番地２
埼玉県,農業者トレーニングセンター,久喜市,菖蒲町上大崎８２０番地１
埼玉県,あやめ公園,久喜市,菖蒲町新堀１６９５
埼玉県,寺田緑地グラウンド,久喜市,菖蒲町菖蒲５０１３番地４２
埼玉県,しらさぎ公園,久喜市,菖蒲町菖蒲１０番地
埼玉県,ふれあい広場,久喜市,菖蒲町三箇２８３４番地
埼玉県,鎮守の森公園,久喜市,菖蒲町上栢間３３１２番地１
埼玉県,森下緑地グラウンド,久喜市,菖蒲町下栢間５４９５番地１
埼玉県,しょうぶ会館,久喜市,菖蒲町菖蒲１０７７－１
埼玉県,鷲宮東コミュニティセンター（さくら）,久喜市,桜田３－１０－２
埼玉県,鷲宮西コミュニティセンター（おおとり）,久喜市,中妻７８５－２
埼玉県,栗橋コミュニティセンター（くぷる）,久喜市,中里１０４８－１
埼玉県,埼玉県立栗橋北彩高等学校,久喜市,伊坂１
埼玉県,栗橋地域子育て支援センター（くぷる）,久喜市,中里１０４８－１
埼玉県,くりの木,久喜市,間鎌２７６－２
埼玉県,高柳やすらぎ公園,久喜市,高柳２５１３－１
埼玉県,南栗橋近隣公園,久喜市,南栗橋１２－１－３
埼玉県,大堀公園,久喜市,南栗橋１－４－２
埼玉県,丁張公園,久喜市,南栗橋２－４
埼玉県,魚越公園,久喜市,南栗橋３－８
埼玉県,蓮沼公園,久喜市,南栗橋５－１０
埼玉県,狐塚公園,久喜市,南栗橋７－１１
埼玉県,大沼公園,久喜市,南栗橋８－４－１
埼玉県,内沼公園,久喜市,南栗橋１１－９－１
埼玉県,権現堂公園（１号公園）,久喜市,小右衛門５０
埼玉県,埼玉県立鷲宮高等学校,久喜市,中妻１０２０
埼玉県,あゆみの郷,久喜市,東大輪２２７３－１
埼玉県,ゆう・あい,久喜市,上内３２７－６
埼玉県,鷲宮地域子育て支援センター（すまいる）,久喜市,鷲宮２－６－１９
埼玉県,花と香りの公園,久喜市,八甫４－１０６－１
埼玉県,けやき広場,久喜市,桜田３－１２
埼玉県,鷲宮温水プール（敷地）,久喜市,鷲宮６－４－１
埼玉県,桜田運動公園,久喜市,桜田２－７－１、－２
埼玉県,葛梅公園,久喜市,葛梅２－１５－１
埼玉県,太田集会所,久喜市,吉羽１－３７－１４
埼玉県,埼玉県立久喜高等学校,久喜市,本町３－１２－１
埼玉県,埼玉県立久喜北陽高等学校,久喜市,久喜本８３７－１
埼玉県,埼玉県立久喜工業高等学校,久喜市,野久喜４７４
埼玉県,埼玉県立久喜特別支援学校,久喜市,上清久１１００
埼玉県,児童センター,久喜市,吉羽１－４０－１４
埼玉県,いちょうの木,久喜市,所久喜８３５－１
埼玉県,けやきの木,久喜市,青毛１１４６－１
埼玉県,のぞみ園,久喜市,北青柳１３３１
埼玉県,久喜けいわ,久喜市,六万部１４３５
埼玉県,偕楽荘,久喜市,上清久９３０
埼玉県,久喜地域子育て支援センター（ぽかぽか）,久喜市,吉羽６９２－１
埼玉県,東一公園,久喜市,久喜東１－９５７－６
埼玉県,久喜菖蒲公園,久喜市,河原井町７０
埼玉県,労働会館（あやめ会館）,久喜市,菖蒲町菖蒲１９３－１
埼玉県,（仮称）菖蒲運動公園,久喜市,菖蒲町菖蒲８８０
埼玉県,東京理科大学跡地,久喜市,下清久500
埼玉県,北本市立東小学校,北本市,中丸６丁目６５番地
埼玉県,北本市立中丸東小学校,北本市,中丸１０丁目２７０番地
埼玉県,北本市立東中学校,北本市,山中２丁目１２８番地
埼玉県,北本市立中丸小学校,北本市,宮内７丁目１４５番地
埼玉県,北本市体育センター,北本市,古市場１丁目１５６番地
埼玉県,北本市立宮内中学校,北本市,宮内４丁目３２２番地
埼玉県,北本市立北小学校,北本市,深井４丁目４５番地
埼玉県,北本市立北本中学校,北本市,本町１丁目１番地１
埼玉県,北本市文化センター,北本市,本町１丁目２番地１
埼玉県,北本市立南小学校,北本市,大字北���宿１８２番地
埼玉県,北本市立西小学校,北本市,本町７丁目３番地
埼玉県,北本市立栄小学校,北本市,大字下石戸上１７６番地２
埼玉県,北本市立石戸小学校,北本市,荒井２丁目３２０番地
埼玉県,北本市立西中学校,北本市,石戸９丁目２１０番地
埼玉県,八潮市立八條小学校,八潮市,鶴ヶ曽根１
埼玉県,八潮市立潮止小学校,八潮市,南川崎８２２
埼玉県,八潮市立八幡小学校,八潮市,中央４－２１－１６
埼玉県,八潮市立大曽根小学校,八潮市,垳５２７
埼玉県,八潮市立松之木小学校,八潮市,緑町３－９－１
埼玉県,八潮市立中川小学校,八潮市,大瀬１５１６
埼玉県,八潮市立八條北小学校,八潮市,八條１１５０
埼玉県,八潮市立大瀬小学校,八潮市,大瀬３－９－１
埼玉県,八潮市立大原小学校,八潮市,八潮７－４２－１
埼玉県,八潮市立柳之宮小学校,八潮市,柳之宮１４０
埼玉県,八潮市立八潮中学校,八潮市,中央１－１－２
埼玉県,八潮市立大原中学校,八潮市,八潮５－９－１
埼玉県,八潮市立八條中学校,八潮市,八條５５５
埼玉県,八潮市立八幡中学校,八潮市,緑町４－１９－１
埼玉県,八潮市立潮止中学校,八潮市,古新田５３０
埼玉県,埼玉県立八潮高等学校,八潮市,鶴ヶ曽根６５０
埼玉県,埼玉県立八潮南高等学校,八潮市,南川崎５１９－１
埼玉県,八潮市八潮中央公園,八潮市,中央１－９
埼玉県,八潮市大原公園,八潮市,八潮３－２７
埼玉県,八潮市八潮南公園,八潮市,大瀬１８４７－８
埼玉県,八潮市大瀬運動公園,八潮市,大瀬１３０４
埼玉県,八潮市下河原運動広場,八潮市,鶴ヶ曽根２２１３
埼玉県,八潮市八条親水公園,八潮市,八條１６２０－３
埼玉県,八潮市西袋陣屋公園,八潮市,西袋６２５－１
埼玉県,八潮市中川フラワーパーク,八潮市,木曽根１００９－１
埼玉県,八潮市コミュニティセンター,八潮市,八條６６５
埼玉県,八潮市文化スポーツセンター,八潮市,八潮３－３１
埼玉県,八潮市勤労青少年ホーム,八潮市,南川崎５２３
埼玉県,八潮市八幡公民館,八潮市,中央３－３２－１１
埼玉県,八潮市老人福祉センター寿楽荘,八潮市,木曽根３２２
埼玉県,八潮市資料館,八潮市,南後谷７６３－５０
埼玉県,八潮市やしお生涯楽習館,八潮市,鶴ヶ曽根４２０－２
埼玉県,八潮市八條公民館,八潮市,八條２７５３－４６
埼玉県,八潮市鶴ヶ曽根運動広場,八潮市,鶴ヶ曽根１５３５－１
埼玉県,八潮市やしお駅前公園,八潮市,大瀬６－３－１
埼玉県,富士見市立鶴瀬小学校,富士見市,羽沢２－１－１
埼玉県,富士見市立水谷小学校,富士見市,水谷１－１３－３
埼玉県,富士見市立南畑小学校,富士見市,上南畑１２８０
埼玉県,富士見市立関沢小学校,富士見市,関沢３－２４－１
埼玉県,富士見市立勝瀬小学校,富士見市,勝瀬６７４
埼玉県,富士見市立つるせ台小学校,富士見市,鶴瀬西２－９－１
埼玉県,富士見市立水谷東小学校,富士見市,水子３６１４
埼玉県,富士見市立諏訪小学校,富士見市,鶴馬１９３２－１
埼玉県,富士見市立みずほ台小学校,富士見市,東みずほ台３－２１
埼玉県,富士見市立針ケ谷小学校,富士見市,針ケ谷２－３８－１
埼玉県,富士見市立ふじみ野小学校,富士見市,ふじみ野東４－４－１
埼玉県,富士見市立富士見台中学校,富士見市,諏訪２－８－１
埼玉県,富士見市立本郷中学校,富士見市,水子５３９
埼玉県,富士見市立東中学校,富士見市,上南畑９８０
埼玉県,富士見市立西中学校,富士見市,西みずほ台３－１４－６
埼玉県,富士見市立勝瀬中学校,富士見市,勝瀬４００－１
埼玉県,富士見市立水谷中学校,富士見市,水子３１１７
埼玉県,富士見市立鶴瀬公民館（富士見市立鶴瀬コミュニティセンター）,富士見市,羽沢３－２３－１０
埼玉県,富士見市立南畑公民館（勤労文化会館）,富士見市,上南畑３０６－１
埼玉県,富士見市立水谷公民館,富士見市,水谷１－１３－６
埼玉県,富士見市立水谷東公民館,富士見市,水谷東２－１２－１０
埼玉県,富士見市立関沢児童館,富士見市,西みずほ台１－７
埼玉県,富士見市立ふじみ野交流センター,富士見市,ふじみ野東３－７－１
埼玉県,富士見市立針ケ谷コミュニティセンター,富士見市,針ケ谷１－３８
埼玉県,富士見市立みずほ台コミュニティセンター,富士見市,西みずほ台１－１９－２
埼玉県,富士見市立健康増進センター,富士見市,鶴馬３３５１－２
埼玉県,埼玉県立富士見高等学校,富士見市,上南畑９５０
埼玉県,富士見市立鶴瀬西交流センター,富士見市,鶴馬３５７５－１
埼玉県,富士見市立ピアザ☆ふじみ,富士見市,ふじみ野東1-16-6
埼玉県,富士見市立市民総合体育館,富士見市,鶴馬1887-1
埼玉県,三郷市立早稲田小学校,三郷市,三郷３－２－１
埼玉県,三郷市立八木郷小学校,三郷市,鷹野１－３５－１
埼玉県,三郷市立戸ヶ崎小学校,三郷市,戸ヶ崎３－７６－１
埼玉県,三郷市立彦成小学校,三郷市,彦倉１－１３３
埼玉県,三郷市立高州小学校,三郷市,高州２－２７５
埼玉県,三郷市立吹上小学校,三郷市,寄巻９２１－１
埼玉県,三郷市立桜小学校,三郷市,彦成４－５－１６
埼玉県,三郷市立鷹野小学校,三郷市,鷹野３－２１１
埼玉県,三郷市立新和小学校,三郷市,中央２－２８－１２
埼玉県,三郷市立幸房小学校,三郷市,茂田井８８
埼玉県,三郷市立立花小学校,三郷市,彦成４－３－１８
埼玉県,三郷市立彦糸小学校,三郷市,彦成３－１０－２３
埼玉県,三郷市立前谷小学校,三郷市,戸ヶ崎２－６００
埼玉県,三郷市立彦郷小学校,三郷市,彦成３－８－２９
埼玉県,三郷市立高州東小学校,三郷市,高州２－４０９
埼玉県,三郷市立丹後小学校,三郷市,早稲田５－３
埼玉県,三郷市立瑞沼市民センター,三郷市,上彦名８７０
埼玉県,三郷市立前間小学校,三郷市,前間１９７－１
埼玉県,三郷市立瑞木小学校,三郷市,さつき平１－６－１
埼玉県,三郷市立後谷小学校,三郷市,後谷３６－３
埼玉県,三郷市立南中学校,三郷市,鷹野３－３５６
埼玉県,三郷市立北中学校,三郷市,泉２－１３－１
埼玉県,三郷市立栄中学校,三郷市,栄４－３２５
埼玉県,三郷市立彦成中学校,三郷市,彦成４－１－１９
埼玉県,三郷市立彦糸中学校,三郷市,彦成３－１４－４
埼玉県,三郷市立前川中学校,三郷市,栄５－１４１
埼玉県,三郷市立早稲田中学校,三郷市,彦成５－５６
埼玉県,三郷市立瑞穂中学校,三郷市,大広戸１００１
埼玉県,埼玉県立三郷高等学校,三郷市,花和田６２０－１
埼玉県,埼玉県立三郷北高等学校,三郷市,大広戸８０８
埼玉県,埼玉県立三郷工業技術高等学校,三郷市,彦成３－３２５
埼玉県,番匠免運動公園,三郷市,番匠免３丁目地内
埼玉県,埼玉県営みさと公園,三郷市,高州３丁目地内
埼玉県,埼玉県立特別支援学校,三郷市,駒形５６
埼玉県,獨協医科大学附属看護専門学校三郷校三郷市,彦成３－１１－２１
埼玉県,蓮田市立蓮田南中学校,蓮田市,大字蓮田１５１９番地
埼玉県,蓮田市立老人福祉センター,蓮田市,蓮田４丁目２３５番地
埼玉県,蓮田市立蓮田南小学校,蓮田市,東６丁目９番１１号
埼玉県,中央公民館,蓮田市,東６丁目１番８号
埼玉県,堂山公園,蓮田市,上２丁目３５７１番地
埼玉県,蓮田市立蓮田中央小学校,蓮田市,関山３丁目６番１号
埼玉県,蓮田市立蓮田中学校,蓮田市,大字閏戸１４７番地１
埼玉県,蓮田市立蓮田北小学校,蓮田市,大字閏戸３２３６番地
埼玉県,蓮田市コミュニティセンター,蓮田市,大字貝塚１０１５番地
埼玉県,蓮田市保健センター,蓮田市,緑町２丁目３番１１号
埼玉県,蓮田市立黒浜南小学校,蓮田市,大字黒浜７２２番地
埼玉県,蓮田市環境学習館,蓮田市,大字黒浜１０６１番地１
埼玉県,蓮田市立黒浜小学校,蓮田市,大字黒浜３０６９番地
埼玉県,蓮田市立黒浜中学校,蓮田市,大字黒浜４７４８番地
埼玉県,蓮田市立黒浜西中学校,蓮田市,大字黒浜３８６２番地
埼玉県,蓮田市立黒浜北小学校,蓮田市,大字南新宿８００番地
埼玉県,蓮田市立黒浜西小学校,蓮田市,西新宿３丁目８４番地
埼玉県,蓮田市立平野中学校,蓮田市,大字井沼９３２番地
埼玉県,蓮田市立平野小学校,蓮田市,大字井沼９３７番地
埼玉県,蓮田市農業者トレーニングセンター,蓮田市,大字井沼１０７１番地
埼玉県,黒浜公園,蓮田市,大字黒浜４０８８番地２
埼玉県,中道公園,蓮田市,西新宿３丁目８３番地
埼玉県,五反歩公園,蓮田市,西城２丁目１１０番地
埼玉県,松ヶ崎公園,蓮田市,大字川島４６７番地２
埼玉県,上島公園,蓮田市,西新宿１丁目７５番地
埼玉県,小学校予定地運動場,蓮田市,蓮田４丁目７６番地
埼玉県,埼玉県立蓮田松韻高等学校,蓮田市,大字黒浜４０８８番地２
埼玉県,根ヶ谷戸公園,蓮田市,蓮田２丁目２４３番地
埼玉県,蓮田市図書館,蓮田市,上２丁目１１番７号
埼玉県,埼玉県立蓮田特別支援学校,蓮田市,黒浜４０８８番地４
埼玉県,西城沼公園,蓮田市,城６３７番地１
埼玉県,中央公民館関山分館,蓮田市,関山４丁目５番３２号
埼玉県,勤労青少年ホーム,蓮田市,見沼町４番３号
埼玉県,山ノ内公園,蓮田市,山ノ内１番地２
埼玉県,桜台防災広場,蓮田市,桜台１丁目５５１番地２
埼玉県,坂戸市立三芳野小学校,坂戸市,横沼２１３－２
埼玉県,坂戸市立上谷小学校,坂戸市,東坂戸１－１
埼玉県,坂戸市立勝呂小学校,坂戸市,石井１８００
埼玉県,坂戸市立坂戸小学校,坂戸市,薬師町１６５０
埼玉県,坂戸市立入西小学校,坂戸市,新堀２６５
埼玉県,坂戸市立大家小学校,坂戸市,森戸４４９－１
埼玉県,坂戸市立浅羽野小学校,坂戸市,浅羽８１０
埼玉県,坂戸市立千代田小学校,坂戸市,千代田２－１７－５
埼玉県,坂戸市立桜小学校,坂戸市,泉町３－２８－７
埼玉県,坂戸市立片柳小学校,坂戸市,片柳５０１
埼玉県,坂戸市立南小学校,坂戸市,千代田４－８－１
埼玉県,坂戸市立坂戸中学校,坂戸市,千代田１－３－１
埼玉県,坂戸市立住吉中学校,坂戸市,塚越１１４－１
埼玉県,坂戸市立若宮中学校,坂戸市,成願寺３２７－２
埼玉県,坂戸市立城山学園（城山小学校・城山中学校）,坂戸市,多和目７８８
埼玉県,坂戸市立千代田中学校,坂戸市,千代田４－３－１
埼玉県,坂戸市立浅羽野中学校,坂戸市,浅羽７５３－１
埼玉県,坂戸市立桜中学校,坂戸市,泉町３－２５－８
埼玉県,坂戸市みどり町公園,坂戸市,緑町１０
埼玉県,坂戸市雲ヶ谷公園,坂戸市,南町１９
埼玉県,坂戸市上山田公園,坂戸市,南町３２
埼玉県,坂戸市西の谷公園,坂戸市,芦山町２４
埼玉県,坂戸市薬師公園,坂戸市,薬師町７
埼玉県,坂戸市天堂公園,坂戸市,溝端町１５
埼玉県,坂戸市栗の木公園,坂戸市,伊豆の山町１３
埼玉県,坂戸市末広公園,坂戸市,末広町１０－３
埼玉県,坂戸市伊豆の山公園,坂戸市,伊豆の山町２３－１
埼玉県,坂戸市宮脇公園,坂戸市,花影町２２
埼玉県,坂戸市溝端公園,坂戸市,溝端町６
埼玉県,坂戸市芦山公園,坂戸市,芦山町１１
埼玉県,坂戸市土屋公園,坂戸市,浅羽野２－２－１
埼玉県,坂戸市橋場公園,坂戸市,浅羽野３－７
埼玉県,入西公園,坂戸市,にっさい花みず木四丁目１７番
埼玉県,坂戸市民総合運動公園,坂戸市,石井１５５０
埼玉県,坂戸市西坂戸運動公園,坂戸市,西坂戸４－１３０７－２
埼玉県,坂戸市千代田公園,坂戸市,千代田５－２
埼玉県,坂戸市稲荷久保公園,坂戸市,千代田４－２－２
埼玉県,坂戸市立中央公民館,坂戸市,千代田１－２－３
埼玉県,坂戸市立三芳野公民館,坂戸市,横沼１５３－３
埼玉県,坂戸市立勝呂公民館,坂戸市,石井１５２６
埼玉県,坂戸市入西地域交流センター,坂戸市,新堀１５９－１
埼玉県,坂戸市立大家公民館,坂戸市,森戸４４５
埼玉県,坂戸市立城山公民館,坂戸市,西坂戸５－３４－１
埼玉県,坂戸市立北坂戸公民館,坂戸市,伊豆の山町１７－５４
埼玉県,坂戸市立千代田公民館,坂戸市,千代田４－１２－６
埼玉県,坂戸市立浅羽野公民館,坂戸市,浅羽７７９－４
埼玉県,坂戸市立市民健康センター,坂戸市,石井２３２７－３
埼玉県,埼玉県立坂戸ろう学園,坂戸市,鎌倉町１４－１
埼玉県,埼玉県立坂戸高等学校,坂戸市,上吉田５８６
埼玉県,健康増進施設,坂戸市,にっさい花みず木１－３
埼玉県,坂戸市文化会館,坂戸市,元町１７－１
埼玉県,幸手市立幸手小学校,幸手市,中３－１１－４１
埼玉県,幸手市立権現堂川小学校,幸手市,大字神明内５７０
埼玉県,幸手市立上高野小学校,幸手市,大字上高野１００９
埼玉県,幸手市立吉田小学校,幸手市,大字惣新田３１５９
埼玉県,幸手市立八代小学校,幸手市,大字平須賀１－１４
埼玉県,幸手市立行幸小学校,幸手市,大字円藤内４６０－２
埼玉県,幸手市立さかえ小学校,幸手市,栄２－９０
埼玉県,幸手市立長倉小学校,幸手市,大字下川崎２４２
埼玉県,幸手市立さくら小学校,幸手市,大字幸手７２
埼玉県,幸手看護専門学校,幸手市,香日向４－５－１
埼玉県,幸手市立幸手中学校,幸手市,北１－７－４
埼玉県,幸手市立東中学校,幸手市,大字平須賀２９１２－３
埼玉県,幸手市立西中学校,幸手市,大字下川崎３８７
埼玉県,埼玉県立幸手桜高等学校,幸手市,北１－１７－５９
埼玉県,幸手市立吉田幼稚園,幸手市,大字惣新田１４７８
埼玉県,幸手市中央公民館,幸手市,緑台２－１－７
埼玉県,幸手市東公民館,幸手市,大字下宇和田５８－６
埼玉県,幸手市西公民館,幸手市,大字千塚１１７
埼玉県,幸手市南公民館,幸手市,大字上高野１１９４
埼玉県,幸手市北公民館,幸手市,大字内国府間８６７
埼玉県,老人福祉センター,幸手市,大字木立１５１３
埼玉県,コミュニティセンター,幸手市,香日向４－５－２
埼玉県,幸手市海洋センター,幸手市,大字木立１７７９－３
埼玉県,幸手市武道館,幸手市,大字幸手１９５７－１
埼玉県,幸手市立図書館,幸手市,緑台２－５－２５
埼玉県,千塚西公園,幸手市,香日向３－１３
埼玉県,幸手総合公園,幸手市,大字木立１７７９
埼玉県,市民文化体育館,幸手市,大字平須賀２３８０－１
埼玉県,幸手市保健福祉総合センター（ウエルス幸手）,幸手市,大字天神島１０３０－１
埼玉県,学校法人日本保健医療大学,幸手市,大字幸手１９６１－２
埼玉県,鶴ヶ島市立鶴ヶ島第一小学校,鶴ヶ島市,大字脚折１８５５番地
埼玉県,鶴ヶ島市立鶴ヶ島第二小学校,鶴ヶ島市,大字鶴ヶ丘３５８番地１
埼玉県,鶴ヶ島市立新町小学校,鶴ヶ島市,新町四丁目２５番地１
埼玉県,鶴ヶ島市立杉下小学校,鶴ヶ島市,大字五味ヶ谷２５１番地
埼玉県,鶴ヶ島市立長久保小学校,鶴ヶ島市,脚折町四丁目１２番１号
埼玉県,鶴ヶ島市立栄小学校,鶴ヶ島市,富士見四丁目２６番１号
埼玉県,鶴ヶ島市立藤小学校,鶴ヶ島市,大字藤金３３０番地
埼玉県,鶴ヶ島市立南小学校,鶴ヶ島市,南町一丁目２６番１号
埼玉県,鶴ヶ島市立鶴ヶ島中学校,鶴ヶ島市,大字脚折１８６８番地５
埼玉県,鶴ヶ島市立藤中学校,鶴ヶ島市,大字藤金２７２番地１
埼玉県,鶴ヶ島市立富士見中学校,鶴ヶ島市,富士見二丁目３６番１号
埼玉県,鶴ヶ島市立西中学校,鶴ヶ島市,大字下新田２６６番地
埼玉県,鶴ヶ島市立南中学校,鶴ヶ島市,南町一丁目２７番１号
埼玉県,埼玉県立鶴ヶ島清風高等学校,鶴ヶ島市,大字高倉９４６－１
埼玉県,鶴ヶ島市富士見市民センター,鶴ヶ島市,富士見五丁目１１番１号
埼玉県,鶴ヶ島市大橋市民センター,鶴ヶ島市,大字太田ヶ谷８８３番地
埼玉県,鶴ヶ島市西市民センター,鶴ヶ島市,新町四丁目１７番地８
埼玉県,鶴ヶ島市東市民センター,鶴ヶ島市,大字五味ヶ谷２０２番地
埼玉県,鶴ヶ島市南市民センター,鶴ヶ島市,大字鶴ヶ丘３７５番地１
埼玉県,鶴ヶ島市北市民センター,鶴ヶ島市,大字脚折２１７１番地１
埼玉県,鶴ヶ島市女性センター,鶴ヶ島市,大字脚折１９２２番地７
埼玉県,鶴ヶ島海洋センター,鶴ヶ島市,大字鶴ヶ丘５４番地４
埼玉県,脚折近隣公園,鶴ヶ島市,脚折町二丁目２４番
埼玉県,富士見中央近隣公園,鶴ヶ島市,富士見四丁目１番
埼玉県,鶴ヶ島南近隣公園,鶴ヶ島市,松ヶ丘五丁目２８番
埼玉県,日高市立高麗小学校,日高市,大字梅原５－１
埼玉県,日高市立武蔵台小学校,日高市,武蔵台５－１－１
埼玉県,日高市立高麗中学校,日高市,梅原３５０
埼玉県,日高市立武蔵台中学校,日高市,武蔵台６－１５０－１
埼玉県,日高市高麗公民館,日高市,大字栗坪９２－２
埼玉県,日高市武蔵台公民館,日高市,武蔵台５－１－２
埼玉県,日高市総合福祉センター,日高市,大字楡木２０１
埼玉県,日高市立高麗川小学校,日高市,大字南平沢３３５
埼玉県,日高市立高根小学校,日高市,大字中鹿山５２３－３
埼玉県,日高市立高麗川中学校,日高市,大字原宿４９
埼玉県,日高市立高根中学校,日高市,大字女影１１８０
埼玉県,日高市文化体育館,日高市,大字南平沢１０１０
埼玉県,日高市高麗川公民館,日高市,大字南平沢１０９８－２
埼玉県,日高市高麗川南公民館,日高市,大字中鹿山８１－１
埼玉県,日高市生涯学習センター,日高市,大字鹿山３７０－２０
埼玉県,日高市立高萩小学校,日高市,大字高萩８００
埼玉県,日高市立高萩北小学校,日高市,大字旭ヶ丘８００
埼玉県,日高市立高萩中学校,日高市,大字高萩７９２－１
埼玉県,日高市立高萩北中学校,日高市,大字旭ヶ丘１８１－１
埼玉県,日高市高萩公民館,日高市,大字高萩６９１－１
埼玉県,日高市高萩北公民館,日高市,大字旭ヶ丘９９７－１
埼玉県,埼玉県立日高高等学校,日高市,大字旭ヶ丘８０６
埼玉県,中の田公園,日高市,武蔵台１－２１４－２９
埼玉県,巾着田運動場,日高市,大字高麗本郷２５
埼玉県,北平沢運動場,日高市,大字北平沢１００９
埼玉県,日高総合公園,日高市,大字高萩１５００
埼玉県,高萩地区第３ちびっ子広場,日高市,大字高萩２６４５－８
埼玉県,横手台グラウンド,日高市,横手１－１０００－３
埼玉県,埼玉女子短期大学,日高市,女影１６１６
埼玉県,吉川市立吉川小学校,吉川市,大字平沼７３
埼玉県,吉川市立旭小学校,吉川市,大字南広島１９４０
埼玉県,吉川市立三輪野江小学校,吉川市,大字加藤６４１
埼玉県,吉川市立北谷小学校,吉川市,大字高富８５７
埼玉県,吉川市立関小学校,吉川市,吉川団地１－１０
埼玉県,吉川市立栄小学校,吉川市,大字吉川６１５－１
埼玉県,吉川市立中曽根小学校,吉川市,中曽根２－４
埼玉県,吉川市立東中学校,吉川市,上笹塚３－１０４－１
埼玉県,吉川市立南中学校,吉川市,大字保６７２
埼玉県,吉川市立中央中学校,吉川市,大字吉川２３４－１
埼玉県,吉川市総合体育館,吉川市,上笹塚１－５８－１
埼玉県,吉川市老人福祉センター,吉川市,大字吉川９６４
埼玉県,吉川市中央公民館,吉川市,大字保５７７
埼玉県,吉川市児童館,吉川市,大字高久１２６０
埼玉県,旭地区センター,吉川市,旭６－４
埼玉県,吉川市市民交流センターおあしす,吉川市,きよみ野１－１
埼玉県,川野公園,吉川市,吉川２－２９
埼玉県,川富公園,吉川市,吉川２－１７
埼玉県,関公園,吉川市,吉川１－３１
埼玉県,吉川児童公園,吉川市,吉川１－４
埼玉県,吉川運動公園,吉川市,大字吉川字中道上地内
埼玉県,吉川沼辺公園,吉川市,大字平沼字佐々ェ門切地内ほか
埼玉県,中井沼公園,吉川市,大字関字沼田地内、大字平沼字佐々エ門切ほか
埼玉県,保公園,吉川市,保１－３３
埼玉県,保第２公園,吉川市,保１－２８
埼玉県,保第３公園,吉川市,保１－７
埼玉県,木売公園,吉川市,木売３－５
埼玉県,高富公園,吉川市,高富１－１６
埼玉県,高久公園,吉川市,高久１－８
埼玉県,高久第２公園,吉川市,高久１－３２
埼玉県,中曽根公園,吉川市,中曽根２－８
埼玉県,道庭公園,吉川市,道庭１－６
埼玉県,永田公園,吉川市,きよみ野４－１０
埼玉県,木売第２公園,吉川市,木売２－１７
埼玉県,きよみ野第２公園,吉川市,きよみ野１－１３
埼玉県,きよみ野第３公園,吉川市,きよみ野２－１９
埼玉県,旭公園球場,吉川市,旭２９７７
埼玉県,なまずの里公園,吉川市,保９２１
埼玉県,吉川市立美南小学校,吉川市,美南４－１７－３
埼玉県,ふじみ野市立福岡小学校,ふじみ野市,西原二丁目６番地１
埼玉県,ふじみ野市立上野台体育館,ふじみ野市,福岡１丁目１番３号
埼玉県,ふじみ野市立駒西小学校,ふじみ野市,駒西三丁目６番１号
埼玉県,ふじみ野市立上野台小学校,ふじみ野市,福岡一丁目２番１号
埼玉県,ふじみ野市立西小学校,ふじみ野市,西二丁目１０番２５号
埼玉県,ふじみ野市立さぎの森小学校,ふじみ野市,駒林２８番地
埼玉県,ふじみ野市立福岡中学校,ふじみ野市,上野台三丁目３番１号
埼玉県,ふじみ野市立葦原中学校,ふじみ野市,川崎３１０番地
埼玉県,ふじみ野市立上福岡公民館,ふじみ野市,福岡１丁目１番８号
埼玉県,ふじみ野市立花の木中学校,ふじみ野市,中福岡２１３番地１
埼玉県,ふじみ野市立上福岡西公民館,ふじみ野市,上福岡５丁目２番１２号
埼玉県,ふじみ野市第２運動公園（旧県立福岡高校）,ふじみ野市,福岡５
埼玉県,ふじみ野市立大井小学校,ふじみ野市,苗間３７番地
埼玉県,ふじみ野市立鶴ケ丘小学校,ふじみ野市,鶴ケ岡一丁目３番１号
埼玉県,ふじみ野市立東原小学校,ふじみ野市,大井二丁目９番１号
埼玉県,ふじみ野市立西原小学校,ふじみ野市,大井武蔵野１３２２番地４
埼玉県,ふじみ野市立亀久保小学校,ふじみ野市,ふじみ野二丁目２２番１号
埼玉県,ふじみ野市立三角小学校,ふじみ野市,亀久保１７０９番地１
埼玉県,ふじみ野市立東台小学校,ふじみ野市,大井７１０番地１
埼玉県,ふじみ野市立大井中学校,ふじみ野市,苗間２４番地１
埼玉県,ふじみ野市立大井西中学校,ふじみ野市,大井武蔵野４０８番地１
埼玉県,ふじみ野市立大井東中学校,ふじみ野市,ふじみ野三丁目２番１号
埼玉県,亀久保中央公園,ふじみ野市,亀久保１丁目２番
埼玉県,鶴ヶ岡中央公園,ふじみ野市,鶴ヶ岡２丁目５番
埼玉県,西鶴ヶ岡公園,ふじみ野市,西鶴ヶ岡２丁目７４１－１１
埼玉県,西ノ原中央公園,ふじみ野市,うれし野１丁目５－１
埼玉県,市沢公園,ふじみ野市,市沢２丁目５－５
埼玉県,埼玉県立ふじみ野高校,ふじみ野市,大井１１５８－１
埼玉県,ふじみ野市立総合体育館（旧大井総
埼玉県,合体育館）,ふじみ野市,大井武蔵野１３９２－１
埼玉県,ふじみ野市立総合体育館駐車場（旧大井総合体育館駐車場）,ふじみ野市,大井武蔵野１３８８番地２外
埼玉県,白岡市立篠津小学校,白岡市,篠津２６４４
埼玉県,白岡市立篠津中学校,白岡市,篠津２６１７
埼玉県,白岡市立菁莪小学校,白岡市,上野田１０１
埼玉県,白岡市立菁莪中学校,白岡市,下野田９２７
埼玉県,白岡市立大山小学校,白岡市,荒井新田３３９
埼玉県,白岡市立南小学校,白岡市,小久喜５２４－１
埼玉県,白岡市立南中学校,白岡市,千駄野３５６
埼玉県,白岡市立西小学校,白岡市,西６－３
埼玉県,白岡市中央公民館,白岡市,小久喜１２２７－１
埼玉県,白岡市保健センター分館,白岡市,白岡１１７２
埼玉県,白岡市老人福祉センター,白岡市,高岩２１７７
埼玉県,白岡市コミュニティーセンター・児童館,白岡市,白岡８５７－６
埼玉県,八幡公園,白岡市,白岡８５８－１
埼玉県,高岩公園,白岡市,新白岡３－４３
埼玉県,白岡勤労者体育センター,白岡市,新白岡３－２００－２
埼玉県,白岡市立白岡中学校,白岡市,白岡１６４７－１
埼玉県,白岡市立白岡東小学校,白岡市,新白岡２－２８－１
埼玉県,白岡市総合運動公園,白岡市,千駄野３４５
埼玉県,埼玉県立白岡高等学校,白岡市,高岩２７５－１
埼玉県,伊奈町立小針中学校,伊奈町,学園２－２０７
埼玉県,向原児童公園,伊奈町,寿４－３３
埼玉県,伊奈町立小針小学校,伊奈町,寿２－８０－１
埼玉県,埼玉県立伊奈学園総合高等学校,伊奈町,学園４－１－１
埼玉県,伊奈町制施行記念公園,伊奈町,大字小針内宿７３２－１
埼玉県,宮前児童公園,伊奈町,寿１－４３０
埼玉県,下宿児童公園,伊奈町,寿１－１７０
埼玉県,原児童公園,伊奈町,寿３－２２９
埼玉県,北部区画整理組合事業完成記念児童公園,伊奈町,寿２－３５８
埼玉県,伊奈町立小室小学校,伊奈町,大字小室７９８１
埼玉県,伊奈町立伊奈中学校,伊奈町,大字小室５１６６
埼玉県,中央児童公園,伊奈町,本町１－１３６
埼玉県,伊奈町立南中学校,伊奈町,大字小室３００１
埼玉県,伊奈町立南小学校,伊奈町,栄４－１
埼玉県,中島児童公園,伊奈町,栄２－８８
埼玉県,志の崎児童公園,伊奈町,栄１－１１２
埼玉県,伊奈町立小針北小学校,伊奈町,内宿台５－２１４－１
埼玉県,ふれあい活動センター,伊奈町,大字小室２４５０－１
埼玉県,国際学院高等学校,伊奈町,小室１０４７４
埼玉県,日本薬科大学,伊奈町,小室１０２８１
埼玉県,栄北高等学校,伊奈町,小室１１２３
埼玉県,南部大公園,伊奈町,栄４－１８１
埼玉県,埼玉県県民活動総合センター,伊奈町,内宿台６－２６
埼玉県,三芳町立上富小学校,三芳町,上富１２６７－４
埼玉県,三芳町立三芳中学校,三芳町,北永井３５０
埼玉県,三芳町立三芳小学校,三芳町,北永井３４３
埼玉県,三芳町立藤久保小学校,三芳町,藤久保２２４－２
埼玉県,三芳町立藤久保中学校,三芳町,藤久保４２０－２
埼玉県,三芳町立唐沢小学校,三芳町,藤久保４１０－２
埼玉県,三芳町立三芳東中学校,三芳町,藤久保６１０－１
埼玉県,三芳町立竹間沢小学校,三芳町,竹間沢５５０－１
埼玉県,豊島区立三芳グラウンド,三芳町,上富３８２－１
埼玉県,毛呂山総合公園,毛呂山町,大谷木４４３番地
埼玉県,大類グラウンド,毛呂山町,大類７１７番地
埼玉県,岩井グラウンド,毛呂山町,岩井西２丁目３１番地１
埼玉県,ウィズもろやま（福祉会館）,毛呂山町,岩井西５丁目１６番地１
埼玉県,毛呂山町立毛呂山小学校,毛呂山町,岩井西４丁目２番地１
埼玉県,毛呂山町立毛呂山中学校,毛呂山町,岩井西４丁目１２番地１
埼玉県,毛呂山町立川角小学校,毛呂山町,川角１２７１番地
埼玉県,毛呂山町立川角中学校,毛呂山町,川角２６４番地
埼玉県,毛呂山町立光山小学校,毛呂山町,市場４７５番地
埼玉県,埼玉県立毛呂山特別支援学校,毛呂山町,川角１０２４番地１
埼玉県,前久保中央公園,毛呂山町,前久保南４丁目１７番地５
埼玉県,埼玉平成高等学校,毛呂山町,市場３３３番地１
埼玉県,城西大学硬式野球場,毛呂山町,西大久保６２番地２５
埼玉県,埼玉平成中学校,毛呂山町,下川原３７５番地
埼玉県,毛呂山町立泉野小学校,毛呂山町,岩井３５３
埼玉県,第２光の家,毛呂山町,阿諏訪１００番地１
埼玉県,中央公民館,毛呂山町,岩井西１丁目１５番地１
埼玉県,歴史民俗資料館,毛呂山町,大類５３５番地
埼玉県,越生町中央公民館,越生町,大字越生９１７
埼玉県,越生町やまぶき公民館,越生町,越生東３－５－２
埼玉県,越生町立梅園小学校,越生町,大字小杉５４７
埼玉県,大満農村広場,越生町,大字大満２５７
埼玉県,稲荷児童公園,越生町,越生東１－８
埼玉県,神明児童公園,越生町,越生東３－５－１
埼玉県,五領児童公園,越生町,越生東５－８－１
埼玉県,埼玉県立越生高等学校,越生町,大字西和田６００
埼玉県,越生町地域交流センター,越生町,上野東５－３００－２
埼玉県,川原田児童公園,越生町,上野東４－２０－１
埼玉県,上谷農村公園,越生町,大字上谷１７－１
埼玉県,武蔵越生高等学校,越生町,上野東1-3-10
埼玉県,ゆうパークおごせ,越生町,大字上野3083-1
埼玉県,滑川町立滑川中学校体育館,滑川町,大字福田７００
埼玉県,滑川町総合運動公園多目的グラウンド,滑川町,大字福田７１５－１
埼玉県,滑川町立福田小学校体育館,滑川町,大字福田１６６０－１
埼玉県,滑川町総合運動公園（土塩球場）,滑川町,大字土塩４５８
埼玉県,滑川町総合体育館,滑川町,大字福田７５５－１
埼玉県,滑川町立宮前小学校体育館,滑川町,大字中尾１５３５－１
埼玉県,滑川町コミュニティーセンター,滑川町,大字羽尾２４４０－１
埼玉県,埼玉県立滑川総合高等学校,滑川町,月の輪４丁目１８－２６
埼玉県,滑川町総合運動公園（月輪球場）,滑川町,大字月輪１５３６
埼玉県,滑川町文化スポーツセンター,滑川町,大字都１９１
埼玉県,滑川町都第一公園,滑川町,大字都２５－４９
埼玉県,滑川町立月の輪小学校体育館,滑川町,月の輪６丁目１５－３
埼玉県,嵐山町立菅谷小学校,嵐山町,大字菅谷５７７
埼玉県,嵐山町立菅谷中学校,嵐山町,大字菅谷６４９
埼玉県,蝶の里公園緑地,嵐山町,大字菅谷８２９－１
埼玉県,嵐山町立志賀小学校,嵐山町,大字志賀５４０
埼玉県,嵐山町立玉ノ岡中学校,嵐山町,大字杉山６１０
埼玉県,嵐山町役場,嵐山町,大字杉山１０３０－１
埼玉県,新田沼公園,嵐山町,むさし台１－６
埼玉県,フィットネス２１パーク,嵐山町,大字杉山１０２５－１
埼玉県,シルバー人材センター,嵐山町,大字千手堂１５６－３
埼玉県,嵐山町Ｂ＆Ｇ海洋センター,嵐山町,大字鎌形８５５
埼玉県,嵐山幼稚園,嵐山町,大字鎌形２２３０
埼玉県,嵐山町総合運動公園,嵐山町,大字鎌形５０５
埼玉県,鎌形野球場,嵐山町,大字鎌形３０７２－１
埼玉県,町営南部グラウンド,嵐山町,大字大蔵６５５－１
埼玉県,嵐山町立七郷小学校,嵐山町,大字吉田１９１３
埼玉県,古里コミュニティー消防センター,嵐山町,大字古里４２８－３
埼玉県,嵐山町北部交流センター,嵐山町,大字吉田１９５１－１
埼玉県,花見合第１公園,嵐山町,花見台１－１０９～１１１
埼玉県,花見台第２公園,嵐山町,大字花見台１－１６
埼玉県,嵐山花見台工業団地管理センター,嵐山町,花見台１－１９
埼玉県,嵐山町立図書館,嵐山町,むさし台３－１０－１０
埼玉県,リリックおがわ（中央公民館・町民会館）,小川町,大字大塚５５
埼玉県,小川町立大塚コミュニティセンター,小川町,大字大塚８９７－１
埼玉県,小川町立小川小学校,小川町,大字小川３７７
埼玉県,小川町立東中学校,小川町,大字小川１７６７－１
埼玉県,埼玉伝統工芸会館,小川町,小川１２２０
埼玉県,小川町立図書館,小川町,大塚９９－１
埼玉県,埼玉県立小川高等学校,小川町,大塚１１０５
埼玉県,小川町立みどりが丘小学校,小川町,みどりが丘４－２１－１
埼玉県,小川町立欅台中学校,小川町,大字角山１１９２
埼玉県,小川町立大河公民館,小川町,大字腰越４３
埼玉県,小川町立大河小学校,小川町,大字腰越２０９
埼玉県,小川町立西中学校,小川町,大字増尾２５０
埼玉県,小川町立総合福祉センター,小川町,大字腰越６１８
埼玉県,小川町立竹沢公民館,小川町,大字勝呂７９９
埼玉県,小川町立竹沢小学校,小川町,大字木部９０
埼玉県,小川町立八和田公民館,小川町,大字上横田１７７６
埼玉県,小川町立武道館,小川町,大字高谷２５１０
埼玉県,小川町立八和田小学校,小川町,大字上横田５２７
埼玉県,小川町立東小川小学校,小川町,東小川２－２１
埼玉県,(旧）小川町立上野台中学校,小川町,東小川２－２２
埼玉県,川島町コミュニティセンター,川島町,大字下八ツ林９２３
埼玉県,川島町民会館,川島町,大字下八ツ林９２６－１
埼玉県,埼玉県立川島ひばりが丘特別支援学校,川島町,伊草７８０
埼玉県,川島町立中山小学校,川島町,大字中山１３３３
埼玉県,川島町立伊草小学校,川島町,大字伊草２３８－１
埼玉県,川島町立つばさ南小学校,川島町,大字白井沼９４５
埼玉県,旧川島町立出丸小学校,川島町,大字上大屋敷１００
埼玉県,川島町立つばさ北小学校,川島町,大字畑中３１
埼玉県,旧川島町立小見野小学校,川島町,大字谷中９９
埼玉県,川島町立川島中学校,川島町,大字白井沼２３０
埼玉県,川島町立西中学校,川島町,大字中山２７０－１
埼玉県,川島町民体育館,川島町,大字下八ツ林９２３
埼玉県,吉見町立東第一小学校,吉見町,東野５―２０ー１
埼玉県,吉見町東公民館,吉見町,大字蚊斗谷１３２
埼玉県,吉見町立東第二小学校,吉見町,大字江和井１５５５
埼玉県,吉見町老人福祉センター荒川荘,吉見町,大字大串２８４３
埼玉県,吉見町立南小学校,吉見町,大字久保田９４２－２
埼玉県,吉見町立吉見中学校,吉見町,大字下細谷１
埼玉県,吉見町役場,吉見町,大字下細谷４１１
埼玉県,吉見町勤労福祉センター,吉見町,大字下細谷１２１０
埼玉県,吉見町保健センター,吉見町,大字下細谷１２１２
埼玉県,吉見町近代農村センター,吉見町,大字前河内３０９－１
埼玉県,吉見町立西小学校,吉見町,大字和名５０
埼玉県,吉見町立西が丘小学校,吉見町,大字南吉見２０７４－３
埼玉県,吉見町立西公民館,吉見町,大字北吉見２８２３
埼玉県,吉見町武道館,吉見町,大字御所１８７－１
埼玉県,吉見町立北小学校,吉見町,大字地頭方４４１
埼玉県,吉見町北公民館,吉見町,大字地頭方５３２－１
埼玉県,吉見町民体育館,吉見町,大字中新井４９３－１
埼玉県,吉見海洋ｾﾝﾀｰ,吉見町,大字中新井４９７
埼玉県,吉見町農業構造改善センター,吉見町,大字中新井５００－１
埼玉県,吉見運動公園,吉見町,大字中曽根、一ツ木、地頭方、明秋、今泉地内
埼玉県,鳩山町立亀井小学校,鳩山町,大字泉井３２３－４
埼玉県,鳩山町亀井農村センター,鳩山町,大字須江１９０－１
埼玉県,鳩山町立鳩山中学校,鳩山町,大字熊井２０２４－１
埼玉県,鳩山町立今宿小学校,鳩山町,大字赤沼３７０
埼玉県,鳩山町中央公民館石坂分館,鳩山町,大字石坂８７５-１７
埼玉県,鳩山町立鳩山小学校,鳩山町,鳩ヶ丘１－１６－１
埼玉県,鳩山町町民体育館,鳩山町,鳩ヶ丘５－１６－２
埼玉県,鳩山町多世代活動交流センター,鳩山町,松ヶ丘４－１－１
埼玉県,埼玉県立鳩山高等学校,鳩山町,松ヶ丘４－１－２
埼玉県,今宿コミュニティセンター,鳩山町,大字赤沼２６０１
埼玉県,東京電機大学鳩山キャンパス,鳩山町,大字石坂４５６番地２３
埼玉県,番匠文化センター,ときがわ町,大字番匠４５９－１
埼玉県,田中集会所,ときがわ町,大字田中２１６－１
埼玉県,桃木中央会館,ときがわ町,大字桃木９０－１
埼玉県,関堀集落センター,ときがわ町,大字関堀３２－２
埼玉県,椚平文化センター,ときがわ町,大字椚平５２２
埼玉県,ときがわ町立明覚小学校,ときがわ町,大字関堀６５
埼玉県,ときがわ町立都幾川中学校,ときがわ町,大字桃木５０
埼玉県,ときがわ町体育センター,ときがわ町,大字関堀１４８－１
埼玉県,ときがわ町立玉川中学校,ときがわ町,大字玉川１３８５－２
埼玉県,ときがわ町立玉川小学校,ときがわ町,大字玉川２６６６
埼玉県,仲井分館,ときがわ町,大字玉川２４３６
埼玉県,日影分館,ときがわ町,大字日影７３１
埼玉県,勤労福祉センター,ときがわ町,大字玉川８９－３
埼玉県,ときがわ町玉川公民館,ときがわ町,大字玉川２４８５
埼玉県,ときがわ町都幾川公民館,ときがわ町,大字桃木３２
埼玉県,春日集落センター,ときがわ町,大字玉川４６１５
埼玉県,ときがわ町玉川運動場,ときがわ町,大字玉川８８２
埼玉県,ときがわ町田黒地域運動場,ときがわ町,大字田黒６８９
埼玉県,ときがわ町五明地域運動場,ときがわ町,大字五明１４０２－２
埼玉県,玉川保育園,ときがわ町,大字玉川２６８５－２
埼玉県,文化センター,ときがわ町,大字玉川２５１０
埼玉県,保健センター,ときがわ町,大字関堀１５１－１
埼玉県,一ト市コミュニティセンター,ときがわ町,大字玉川１６００－１
埼玉県,活き生き活動センター,ときがわ町,大字玉川２５１５
埼玉県,１区コミュニティ広場,横瀬町,横瀬３４８－１
埼玉県,３区コミュニティ広場,横瀬町,横瀬８５２－１
埼玉県,総合福祉センター,横瀬町,横瀬１２４０
埼玉県,保育所,横瀬町,横瀬１２４２－１
埼玉県,苅米コミュニティ広場,横瀬町,横瀬１３３２
埼玉県,上宇根コミュニティ広場,横瀬町,横瀬３３０５－１
埼玉県,横瀬町民会館,横瀬町,横瀬２０００
埼玉県,横瀬町立横瀬小学校,横瀬町,横瀬４５５６
埼玉県,児童館,横瀬町,横瀬４３７７－１
埼玉県,横瀬町民グラウンド,横瀬町,横瀬６３５１
埼玉県,１２区コミュニティ広場,横瀬町,横瀬６５００
埼玉県,横瀬町立横瀬中学校,横瀬町,横瀬４６５８
埼玉県,川西コミュニティ広場,横瀬町,横瀬５３５３－１
埼玉県,旧芦ヶ久保小学校,横瀬町,芦ヶ久保６３７
埼玉県,横瀬町活性化センター,横瀬町,芦ヶ久保１４０－１
埼玉県,農村公園駐車場,横瀬町,芦ヶ久保２４４－１
埼玉県,寺坂棚田農業者等用トイレ用地,横瀬町,横瀬１８６８－１
埼玉県,皆野町転作研修センター,皆野町,金崎１１１－１
埼玉県,皆野町自然休養村管理所,皆野町,大渕２８０
埼玉県,皆野町金沢生活改善センター,皆野町,金沢２５９－１
埼玉県,皆野町水と緑のふれあい館,皆野町,下日野沢３９９３－３
埼玉県,皆野町わく･ワクセンター,皆野町,下日野沢３９９０
埼玉県,三沢農業集落センター,皆野町,三沢１５８８－１
埼玉県,皆野町民運動公園,皆野町,皆野８３６－２
埼玉県,皆野町公民館,皆野町,皆野２２２８－１
埼玉県,皆野町柔剣道場,皆野町,皆野２１２５
埼玉県,皆野町立皆野幼稚園,皆野町,国神６３９
埼玉県,皆野町立皆野小学校,皆野町,皆野１３４６
埼玉県,皆野町立皆野中学校,皆野町,皆野２２４４－２
埼玉県,皆野町老人福祉ｾﾝﾀｰ,皆野町,大渕１０３－１
埼玉県,皆野町立国神小学校,皆野町,大渕７０－１
埼玉県,皆野町立三沢小学校,皆野町,三沢１６０６
埼玉県,埼玉県立皆野高等学校体育館,皆野町,大渕１９－１
埼玉県,皆野スポーツ公園,皆野町,皆野町大字下田野１１１９－１
埼玉県,長瀞町立長瀞第１小学校,長瀞町,大字本野上６００－１
埼玉県,長瀞地区コミュニティ消防センター,長瀞町,大字長瀞８３０－２
埼玉県,長瀞町立長瀞中学校,長瀞町,大字本野上１０３５－１
埼玉県,本・中野上地区コミュニティ消防センター,長瀞町,大字中野上４０９－１
埼玉県,下山集落農業センター,長瀞町,大字本野上５４５－３
埼玉県,野上コミュニティ集会所,長瀞町,大字本野上１８９－６
埼玉県,唐沢集落農業センター,長瀞町,大字中野上７８７－４
埼玉県,長瀞町立長瀞第２小学校,長瀞町,大字野上下郷９２０－１
埼玉県,長瀞町中央公民館,長瀞町,大字野上下郷３３１２
埼玉県,樋口地区コミュニティセンター,長瀞町,大字野上下郷９７０－１
埼玉県,宮沢集落農業センター,長瀞町,大字野上下郷１９８７－２
埼玉県,矢那瀬集落農業センター,長瀞町,大字矢那瀬１３８０－１
埼玉県,岩田地区コミュニティ集会所,長瀞町,大字岩田９３８－１
埼玉県,埼玉県立長瀞げんきプラザ,長瀞町,大字井戸３６７－１
埼玉県,井戸風布区コミュニティ集会所,長瀞町,大字井戸４９８－１
埼玉県,美しいむらづくり井戸農村センター,長瀞町,大字井戸８９８－１０
埼玉県,風布地区コミュニティ集会所,長瀞町,大字風布９６２－１
埼玉県,長瀞町多世帯ふれ愛ベース長瀞,長瀞町,大字本野上１３６－１１
埼玉県,埼玉県立小鹿野高等学校,小鹿野町,小鹿野９６２－１
埼玉県,小鹿野町立小鹿野小学校,小鹿野町,小鹿野２６７８
埼玉県,小鹿野町立小鹿野中学校,小鹿野町,小鹿野１４６
埼玉県,小鹿野町立小鹿野幼稚園,小鹿野町,小鹿野２７４３
埼玉県,小鹿野町立長若小学校,小鹿野町,般若１１９２
埼玉県,旧長若中学校,小鹿野町,般若９０２
埼玉県,小鹿野町立三田川小学校,小鹿野町,飯田２７７０
埼玉県,旧三田川中学校,小鹿野町,飯田３２３
埼玉県,子育て支援センター,小鹿野町,飯田２７３２
埼玉県,小鹿野町立両神小学校,小鹿野町,両神薄２６６２
埼玉県,旧両神中学校,小鹿野町,両神薄２９００
埼玉県,両神学童保育室,小鹿野町,両神薄２７６２
埼玉県,小鹿野町営下小鹿野グラウンド,小鹿野町,下小鹿野１１７０－２
埼玉県,小鹿野町営間明平グラウンド,小鹿野町,三山１１４７
埼玉県,小鹿野町営日尾グラウンド,小鹿野町,日尾１４８７－１
埼玉県,長若生活改善センター,小鹿野町,般若８３６
埼玉県,柿の久保観光農林漁業経営管理所,小鹿野町,般若２６９０
埼玉県,長留観光農林漁業経営管理所,小鹿野町,長留３５３２－３
埼玉県,観光施設納宮休憩所,小鹿野町,三山２３７２
埼玉県,栗尾生活改善センター,小鹿野町,飯田１３５４
埼玉県,下薄農民センター,小鹿野町,両神薄８９７－３
埼玉県,上薄生活改善センター,小鹿野町,両神薄６２６４－２
埼玉県,両神小森館,小鹿野町,両神小森５１７－１
埼玉県,両神振興会館,小鹿野町,両神薄２９０６
埼玉県,両神山村広場,小鹿野町,両神薄２２２３－２
埼玉県,国民宿舎両神荘,小鹿野町,両神小森７０７
埼玉県,両神勤労者福祉会館,小鹿野町,両神小森７０３
埼玉県,両神健康増進センター,小鹿野町,両神小森７０１
埼玉県,小鹿野町立小鹿野保育所,小鹿野町,小鹿野２７４４
埼玉県,小鹿野町立両神保育所,小鹿野町,両神薄２９０１－１
埼玉県,伊豆沢集会所,小鹿野町,伊豆沢９４４－３
埼玉県,三ヶ原集会所,小鹿野町,三山１４７６
埼玉県,八谷集会所,小鹿野町,藤倉２４１４
埼玉県,藤倉集会所,小鹿野町,藤倉３１３１－２
埼玉県,第１区生活改善センター,小鹿野町,両神薄１５８－２
埼玉県,３区集会所,小鹿野町,両神薄２８２８
埼玉県,４区集会所,小鹿野町,両神薄３７３０
埼玉県,５区集会所,小鹿野町,両神薄５８２９－１
埼玉県,７区集会所,小鹿野町,両神薄８１６０－１
埼玉県,８区集会所,小鹿野町,両神薄９２３３－２
埼玉県,１０区集会所,小鹿野町,両神小森３０８－１
埼玉県,１１区集会所,小鹿野町,両神小森１５５７
埼玉県,１２区集会所,小鹿野町,両神小森３２８０－１
埼玉県,僻地保健福祉館,小鹿野町,両神小森４４７０
埼玉県,養護老人ホーム秩父荘,小鹿野町,下小鹿野２５５１
埼玉県,武道場,小鹿野町,飯田３３４
埼玉県,高齢者生きがいセンター,東秩父村,大字安戸４３２－５
埼玉県,東秩父村立槻川小学校,東秩父村,大字御堂３６４
埼玉県,東秩父村立東秩父中学校,東秩父村,大字奥沢１５０
埼玉県,坂本体育館,東秩父村,大字坂本１３１３
埼玉県,東秩父村保健センター,東秩父村,大字坂本１２８４－１
埼玉県,東秩父村ふるさと館,東秩父村,大字大内沢７０３
埼玉県,皆谷児童館,東秩父村,大字皆谷７４１
埼玉県,東秩父村ふるさと文化伝習館分館,東秩父村,大字白石９３６
埼玉県,ふれあいセンター槻川,東秩父村,大字坂本１５６１
埼玉県,東秩父村ふれあい広場,東秩父村,大字御堂５４９
埼玉県,東秩父村坂本グラウンド,東秩父村,大字坂本１５５０
埼玉県,東秩父村安戸グラウンド,東秩父村,大字安戸３６８
埼玉県,東秩父村立城山保育園,東秩父村,大字御堂１６－１
埼玉県,美里町立東児玉小学校,美里町,大字阿那志１３番地
埼玉県,美里町立松久小学校,美里町,大字駒衣３４１番地２
埼玉県,美里町立大沢小学校,美里町,大字猪俣３０１９番地２
埼玉県,美里町立美里中学校,美里町,大字駒衣１１１５番地１
埼玉県,美里町松久公民館,美里町,大字木部１２４番地
埼玉県,美里町東児玉公民館,美里町,大字根木３３番地２
埼玉県,美里町大沢公民館,美里町,大字猪俣３０１０番地
埼玉県,神川町立神川中学校,神川町,新里４５０
埼玉県,神川町立丹荘小学校,神川町,関口１１０－１
埼玉県,神川町立青柳小学校,神川町,二ノ宮６０－１
埼玉県,神川町立渡瀬小学校,神川町,渡瀬５４０－１
埼玉県,神川町立神川幼稚園,神川町,新里３６２－１
埼玉県,神川町立丹荘保育所,神川町,八日市２０８
埼玉県,神川町立青柳保育所,神川町,新里２７８７－１
埼玉県,神川町中央公民館,神川町,植竹８６７－２
埼玉県,神川町就業改善センター,神川町,植竹９００－１
埼玉県,ふれあいセンター,神川町,二ノ宮１６６－２
埼玉県,元阿保公会堂,神川町,元阿保１
埼玉県,美原公園,神川町,元原２００－９
埼玉県,丹荘公園,神川町,八日市２５７０－７
埼玉県,青柳公園,神川町,新里２７８７－１
埼玉県,城峯公園キャンプ場,神川町,矢納１２７７
埼玉県,渡瀬コミュニティセンター,神川町,渡瀬５３２－２
埼玉県,桜城集会所,神川町,下阿久原２１８－４
埼玉県,池尻集会所,神川町,下阿久原３７８－２
埼玉県,秩父瀬集会所,神川町,下阿久原１１０－１
埼玉県,貫井・幹沢集会所,神川町,下阿久原５３１－１
埼玉県,住居野集会所,神川町,下阿久原１０２８
埼玉県,冬桜の宿神泉,神川町,矢納１４３１－１
埼玉県,総合福祉センターいこいの郷,神川町,関口９０
埼玉県,多目的交流施設,神川町,下阿久原１０８８
埼玉県,神川町立神泉小学校,神川町,下阿久原８７５
埼玉県,ステラ神泉,神川町,下阿久原８７６－１
埼玉県,矢納センター,神川町,矢納５０３－１
埼玉県,上里町立賀美小学校,上里町,大字金久保８６２
埼玉県,上里町立上里北中学校,上里町,大字金久保２４９
埼玉県,賀美公民館,上里町,大字金久保６９３－１
埼玉県,上里町立長幡小学校,上里町,大字藤木戸１４５
埼玉県,長幡公民館,上里町,大字長浜１００８－１
埼玉県,長幡保育園,上里町,大字藤木戸１４５
埼玉県,上里町立七本木小学校,上里町,大字七本木４５５
埼玉県,上里町立上里中学校,上里町,大字七本木３３６
埼玉県,上里町立上里東小学校,上里町,大字七本木１５７３
埼玉県,七本木公民館,上里町,大字七本木３２２７－２
埼玉県,上里東公民館,上里町,大字七本木１７９１－１
埼玉県,かみさと荘,上里町,大字七本木２８６
埼玉県,保健センター,上里町,大字七本木３０７
埼玉県,中央保育園,上里町,大字七本木２９２
埼玉県,上里町中央公民館・コミュニティセンター,上里町,大字七本木５５９１
埼玉県,上里町民体育館,上里町,大字七本木３２０２－２
埼玉県,多目的スポーツホール,上里町,大字七本木３２０２－２
埼玉県,上里町立神保原小学校,上里町,大字神保原町８１４
埼玉県,ワープ上里,上里町,大字七本木７１-１
埼玉県,神保原公民館,上里町,大字神保原町１３９３
埼玉県,神保原児童館,上里町,大字神保原町１３９３
埼玉県,七本木児童館,上里町,大字七本木３９３
埼玉県,男女共同参画推進センター,上里町,大字七本木３９３
埼玉県,上里町東児童館,上里町,大字七本木１８００－３
埼玉県,長幡児童館,上里町,大字長浜９７７－１
埼玉県,賀美児童館,上里町,大字金久保８８９
埼玉県,上里町立図書館・郷土資料館,上里町,大字七本木６７
埼玉県,長久保公園,上里町,大字大御堂1450-2
埼玉県,七本木児童公園,上里町,大字七本木392
埼玉県,あおぞらパーク,上里町,大字七本木5328
埼玉県,寄居町立総合体育館・アタゴ記念館,寄居町,大字寄居１１７３
埼玉県,寄居町中央公民館,寄居町,大字寄居１３００
埼玉県,寄居町立寄居小学校,寄居町,大字寄居２０６
埼玉県,西部コミュニティセンター,寄居町,大字末野１４９１－１
埼玉県,寄居町生涯学舎,寄居町,大字風布２１２
埼玉県,寄居町立寄居中学校,寄居町,大字桜沢２０００
埼玉県,寄居町立桜沢小学校,寄居町,大字桜沢２７４０
埼玉県,埼玉県立寄居城北高等学校,寄居町,大字桜沢２６０１
埼玉県,寄居町立用土小学校,寄居町,大字用土２８５９
埼玉県,用土コミュニティセンター,寄居町,大字用土２８５６－１
埼玉県,寄居町立折原小学校,寄居町,大字立原３８５
埼玉県,折原コミュニティセンター,寄居町,大字立原３６７－１
埼玉県,寄居町立城南中学校,寄居町,大字鉢形２２２２
埼玉県,寄居町立鉢形小学校,寄居町,大字鉢形６４５
埼玉県,鉢形コミュニティセンター,寄居町,大字鉢形１１７６－１
埼玉県,かわせみ荘,寄居町,大字保田原３２１
埼玉県,寄居町立男衾中学校,寄居町,大字富田６５
埼玉県,寄居町立男衾小学校,寄居町,大字富田５３
埼玉県,男衾コミュニティセンター,寄居町,大字赤浜１２６７－１
埼玉県,鉢形財産区会館,寄居町,大字鉢形２１１－３
埼玉県,宮代町立須賀小学校,宮代町,大字須賀１４２５－１
埼玉県,宮代町立百間小学校,宮代町,字西原２６１
埼玉県,宮代町立東小学校,宮代町,百間５－８－４８
埼玉県,宮代町立笠原小学校,宮代町,字百間１１０５
埼玉県,宮代町立須賀中学校,宮代町,大字須賀１４２６－１
埼玉県,宮代町立百間中学校,宮代町,宮代３－７－３８
埼玉県,宮代町立前原中学校,宮代町,字中４６１
埼玉県,埼玉県立宮代高等学校,宮代町,字東６１１
埼玉県,埼玉県立宮代特別支援学校,宮代町,字金原６３６－１
埼玉県,百間公民館,宮代町,百間５－１－２９
埼玉県,川端公民館,宮代町,字川端５７８
埼玉県,和戸公民館,宮代町,和戸２－５－１
埼玉県,コミュニティセンター進修館,宮代町,笠原１－１－１
埼玉県,総合運動公園,宮代町,大字和戸１８３４
埼玉県,旧いきがい活動センター,宮代町,字山崎３
埼玉県,前原グラウンド,宮代町,字中４５５－１
埼玉県,東粂原グラウンド,宮代町,大字東粂原３６３－１
埼玉県,東グラウンド,宮代町,字東２６５－１
埼玉県,宮東グラウンド,宮代町,字川端７３１－１
埼玉県,宮東テニスコート,宮代町,字宮東８６３
埼玉県,宮代台中央公園,宮代町,宮代台１－３９７－１２５
埼玉県,姫宮北公園,宮代町,東姫宮１－６８８－２２１
埼玉県,スキップ広場,宮代町,笠原１－９２２-１外
埼玉県,はらっパーク宮代,宮代町,字金原２９５
埼玉県,日本工業大学体育館・陸上競技場,宮代町,学園台４－１
埼玉県,杉戸町立西小学校,杉戸町,高野台南５－１－１
埼玉県,杉戸町立高野台小学校,杉戸町,高野台西５－１６
埼玉県,杉戸町立杉戸小学校,杉戸町,内田２－９－２８
埼玉県,杉戸町立杉戸第二小学校,杉戸町,大字倉松６００－１
埼玉県,杉戸町立杉戸第三小学校,杉戸町,大字堤根２７７７
埼玉県,杉戸町立泉小学校,杉戸町,大字宮前１
埼玉県,杉戸町西公民館,杉戸町,高野台西３－３－１
埼玉県,高野農村ｾﾝﾀｰ,杉戸町,大字大島４０２
埼玉県,杉戸町立杉戸中学校,杉戸町,内田１－５－３５
埼玉県,杉戸町中央公民館,杉戸町,杉戸３－９－５
埼玉県,埼玉県立杉戸高等学校,杉戸町,清地１－１－３６
埼玉県,埼玉県立杉戸農業高等学校,杉戸町,大字堤根１６８４－１
埼玉県,杉戸町南公民館（堤郷農村センター）,杉戸町,大字堤根４０８９－１
埼玉県,杉戸町立広島中学校,杉戸町,大字堤根４７５９
埼玉県,杉戸町東公民館（田宮農村センター）,杉戸町,大字並塚１０５－４
埼玉県,杉戸町泉公民館（豊岡農村センター）,杉戸町,大字宮前３７－１
埼玉県,杉戸町立東中学校,杉戸町,大字椿２５０
埼玉県,エコ・スポいずみ,杉戸町,大字木津内５２４
埼玉県,昌平中学・高等学校,杉戸町,大字下野８５１
埼玉県,志学会高等学校,杉戸町,大字並塚１６４３
埼玉県,すぎとピア,杉戸町,大字堤根４７４２－１
埼玉県,松伏町立松伏小学校,松伏町,ゆめみ野東１－１－２
埼玉県,松伏町立金杉小学校,松伏町,大字大川戸３８５４
埼玉県,松伏町立松伏第二小学校,松伏町,田中１－４－６
埼玉県,松伏町立松伏中学校,松伏町,大字大川戸１１３６
埼玉県,松伏町立松伏第二中学校,松伏町,大字上赤岩７１１
埼玉県,埼玉県立松伏高等学校,松伏町,ゆめみ野東２－７－１
埼玉県,松伏町外前野記念会館,松伏町,ゆめみ野東３－４－１
埼玉県,松伏町北部サービスセンター,松伏町,大字築比地６７８－４
埼玉県,松伏町立かるがもセンター,松伏町,大字田島１５２４
埼玉県,松伏町立第一保育所,松伏町,大字田島１５５７－１
埼玉県,松伏町中央公民館,松伏町,ゆめみ野東３－１４－６
埼玉県,松伏町多世代交流学習館,松伏町,大字上赤岩１２５３
埼玉県,松伏町Ｂ＆Ｇ海洋センター,松伏町,ゆめみ野東３－１４－８
埼玉県,松伏町児童館,松伏町,松葉１－６－３
埼玉県,松伏町ふれあいセンター,松伏町,大字松伏３５７
埼玉県,松伏町地域子育て支援センター,松伏町,大字松伏２４２８－１